Date,Currency_in_circulation_Total,Other_deposits_with_RBI,Bankers_deposits_with_RBI,Reserve_Money_(Liabilities/Components),RBIs_Claims_on_Government(net),RBIs_Claims_on_Central_Govt,RBIs_Claims_on_Banks_and_Commercial_sector,RBIs_Claims_on_Banks_(Including NABARD),RBIs_claims_on_Commercial_sector_(Excluding NABARD),Net_foreign_exchange_assets_of_RBI,Govts_currency_liabilities_to_the_public,Net_non_monetary_liabilities_of_RBI
06-07-2001,234802,3980,66536,305318,166691,,16355,7894,8461,205487,5565,88780
13-07-2001,234428,3897,70531,308856,166704,,21772,11751,10021,205354,5565,90539
20-07-2001,231389,3671,69480,304540,165737,,19405,10148,9257,205404,5565,91571
27-07-2001,227989,3517,74768,306274,161554,,25340,13724,11616,205913,5640,92173
03-08-2001,229965,3526,67139,300630,164384,,16081,7750,8331,206301,5640,91776
10-08-2001,231704,3446,68572,303722,166058,,17037,8765,8272,207918,5640,92931
17-08-2001,230761,3303,71120,305184,156826,,18151,9168,8983,210125,5640,85558
24-08-2001,228439,3654,75940,308033,156133,,19647,10391,9256,211788,5720,85255
31-08-2001,225969,3709,66781,296459,147741,,15812,7658,8154,213826,5721,86641
07-09-2001,229555,3661,81591,314807,160204,,22043,12192,9851,214160,5721,87321
14-09-2001,228709,3459,73719,305887,153778,,21002,11166,9836,215833,5721,90447
21-09-2001,226789,3318,71909,302016,152030,,21626,11124,10502,214344,5805,91789
28-09-2001,224562,3470,80956,308988,160240,,20224,10804,9420,214028,5805,91309
05-10-2001,228308,3555,70903,302766,157370,,17315,9612,7703,215779,5805,93503
12-10-2001,230770,3191,74712,308673,157758,,21159,12299,8860,216706,5805,92755
19-10-2001,231864,3137,75408,310409,156545,,22924,11890,11034,216719,5889,91668
26-10-2001,232911,3248,73454,309613,156006,,22505,11941,10564,216881,5889,91668
02-11-2001,234143,3171,79894,317208,163404,,22780,12334,10446,218609,5889,93474
09-11-2001,239967,2981,64353,307301,152334,,19517,10198,9319,222083,5889,92522
16-11-2001,244132,2736,72678,319546,164082,,18659,10841,7818,223086,5889,92170
23-11-2001,241263,3079,64633,308975,149977,,20519,11167,9352,223954,5889,91364
30-11-2001,238985,2911,76692,318588,163101,,17330,9593,7737,224988,5993,92824
07-12-2001,243099,2494,65313,310906,151316,,21753,11817,9936,225375,5993,93531
14-12-2001,243131,2826,68934,314891,155689,,19347,10100,9247,228990,5993,95128
21-12-2001,241420,2470,67612,311502,146861,,23185,12581,10604,229647,5993,94184
28-12-2001,239470,2519,72521,314510,147984,,25121,14292,10829,232111,6077,96783
04-01-2002,241182,2609,64947,308738,149004,,19977,11046,8931,233211,6077,99531
11-01-2002,243561,2424,65027,311012,151758,,16665,9056,7609,236751,6077,100239
18-01-2002,243595,2384,67047,313026,148559,,20175,11190,8985,237634,6077,99419
25-01-2002,241564,2298,73556,317418,152460,,19131,11247,7884,238092,6155,98420
01-02-2002,241017,2640,68254,311911,146543,,18037,10128,7909,240510,6155,99334
08-02-2002,246327,2216,75639,324182,155765,,21381,13184,8197,242142,6155,101261
15-02-2002,247949,2316,65541,315806,146293,,20901,12171,8730,244458,6155,102001
22-02-2002,247583,2322,70345,320250,151350,,19611,11775,7836,245612,6238,102561
01-03-2002,247209,2507,73643,323359,150596,,21838,11983,9855,247330,6238,102643
08-03-2002,251853,2199,68446,322498,152148,,16965,10045,6920,250706,6238,103559
15-03-2002,252836,2492,74591,329919,152179,,21562,12723,8839,254176,6238,104236
22-03-2002,251605,2704,67791,322100,141768,,17869,10904,6965,259973,6366,103876
29-03-2002,251519,3033,78904,333456,147175,,19528,11168,8360,264208,6366,103821
31-03-2002,250974,,84147,337952,,,,,,,,
05-04-2002,254992,2645,64940,322577,144036,,10973,7776,3197,266420,6366,105219
12-04-2002,260052,2344,70850,333246,153725,,12356,8857,3499,267992,6366,107194
19-04-2002,260992,2360,80657,344009,160102,,16754,11292,5462,269146,6383,108376
26-04-2002,260781,2525,73542,336848,155562,,14157,9734,4423,270858,6383,110113
03-05-2002,264456,2212,79054,345722,161069,,17757,11825,5932,272347,6383,111835
10-05-2002,269553,2373,73664,345590,163054,,14760,10215,4545,272799,6383,111407
17-05-2002,270333,2316,77375,350024,169065,,14652,9696,4956,272290,6383,112366
24-05-2002,269058,2249,79532,350840,169699,,13658,9621,4037,273476,6383,112377
31-05-2002,267324,2272,69023,338618,159701,,10512,7418,3094,275234,6459,113288
07-06-2002,271722,2077,68604,342403,164653,,9737,6744,2993,276026,6459,114473
14-06-2002,271376,2371,71321,345068,166991,,9801,6821,2980,277079,6459,115263
21-06-2002,268480,3883,69538,341901,163492,,9725,6804,2921,279143,6459,116919
28-06-2002,265607,3238,60275,329120,147966,,10140,7221,2919,283248,6534,118768
05-07-2002,267650,3792,71830,343272,164117,,9486,6552,2934,283136,6534,120001
12-07-2002,267900,4017,78807,350724,169412,,9660,6731,2929,286681,6534,121563
19-07-2002,264721,3617,64462,332800,148552,,9598,6672,2926,290495,6534,122379
26-07-2002,260990,3778,76947,341714,155332,,9675,6750,2925,291371,6666,121329
02-08-2002,260087,3629,68198,331913,144182,,8723,5807,2916,292554,6666,120211
09-08-2002,262988,3551,75325,341863,154137,,8662,5724,2938,292093,6666,119693
16-08-2002,262810,3515,70090,336415,136984,,8802,5882,2920,294555,6666,110592
23-08-2002,260622,3571,72258,336451,134207,,8658,5732,2926,296132,6728,109274
30-08-2002,257898,3500,62474,323872,119616,,9171,6241,2930,298402,6728,110046
06-09-2002,261136,3509,81730,346375,140632,,9408,6482,2926,301133,6728,111527
13-09-2002,262192,3526,68346,334064,127529,,9472,6413,3059,300446,6728,110111
20-09-2002,259706,3479,72726,335911,128187,,9357,6430,2927,302867,6790,111289
27-09-2002,256885,3314,78072,338272,129580,,9731,6747,2984,303419,6790,111249
04-10-2002,259132,3913,71515,334560,124113,,9320,6348,2972,305860,6790,111524
11-10-2002,264918,3284,69902,338104,124869,,9717,6762,2955,308931,6790,112203
18-10-2002,265903,3262,66637,335802,120553,,9804,6698,3106,310029,6851,111435
25-10-2002,263661,3309,72192,339162,125351,,9552,6641,2911,309754,6851,112347
01-11-2002,266399,3189,86679,356267,142511,,9462,6520,2942,312335,6661,114702
08-11-2002,275815,3024,65778,344618,128410,,9334,6391,2943,315551,6851,115529
15-11-2002,273914,3602,73033,350550,130939,,9431,6467,2964,318416,6851,115087
22-11-2002,270898,3285,69087,343271,121565,,8960,5991,2969,320971,6851,115075
29-11-2002,267986,2932,71688,342605,118134,,9302,6198,3104,323042,6907,114779
06-12-2002,272372,2782,67597,342752,117950,111794,9125,6118,3007,326991,6907,118221
13-12-2002,274103,2945,72193,349241,123022,116319,9030,6070,2960,329697,6907,119416
20-12-2002,271987,2657,70682,345326,114792,106941,9123,6008,3115,334008,6907,119504
27-12-2002,270912,2618,70298,343828,110760,105402,9364,6401,2963,337633,6947,120876
03-01-2003,271778,3128,68170,343076,109876,103357,9503,6523,2980,339703,6947,122952
10-01-2003,275090,2736,76630,354456,120210,113070,10186,7184,3002,342156,6947,125044
17-01-2003,276086,2695,68139,346919,108054,101410,10746,7054,3692,347064,6947,125892
24-01-2003,274471,2671,70920,348062,107823,102114,9881,6956,2925,350437,6993,127072
31-01-2003,273054,3130,72595,348779,108321,102858,9472,6532,2940,351677,6993,127683
07-02-2003,279109,2917,71554,353580,108508,102984,8965,6059,2906,356290,6993,127176
14-02-2003,281582,2776,74323,358680,110539,105258,8860,5941,2919,360224,6993,127936
21-02-2003,280250,3247,68040,351537,101608,95908,9034,6118,2916,359727,7036,125869
28-02-2003,278871,2667,75467,357005,117402,113829,11298,7319,3979,347369,7036,126102
07-03-2003,283482,2487,73923,359892,119749,113721,10679,7456,3223,351484,7036,129056
14-03-2003,285846,2707,74878,363432,121240,117286,9220,6287,2933,352264,7036,126329
21-03-2003,285704,3310,64369,353383,109456,106292,9148,6176,2972,352079,7071,124372
28-03-2003,283347,3595,82009,368951,120386,114968,12273,7471,4802,355710,7071,126489
04-04-2003,284425,3825,68404,356654,105976,103489,9788,6777,3011,355686,7071,121868
11-04-2003,291538,3149,69676,364363,111202,107937,9540,6537,3003,359128,7071,122578
18-04-2003,294871,3071,82318,380260,127259,122691,9448,6447,3001,360383,7107,123937
25-04-2003,293695,2703,73257,369654,113913,108008,9225,6277,2948,364658,7107,125249
02-05-2003,295132,2957,87782,385871,129458,126664,9049,6055,2994,367467,7107,127210
09-05-2003,303201,2497,70713,376410,118084,114213,8727,5731,2996,370729,7107,128236
16-05-2003,304447,2674,79201,386322,126876,126170,8514,5591,2923,373493,7107,129668
23-05-2003,303414,2482,71524,377420,112568,108577,8861,5823,3038,379468,7107,130584
30-05-2003,301064,2455,85918,389437,123545,119764,8172,5164,3008,382579,7141,132001
06-06-2003,305091,2415,71108,378615,111851,109970,8505,5503,3002,382447,7141,131328
13-06-2003,305652,2721,78011,386385,119304,116856,8597,5570,3027,384928,7141,133584
20-06-2003,303713,3955,71073,378741,109971,107799,8479,5494,2985,382344,7141,129195
27-06-2003,300355,3308,81740,385403,116229,113419,8644,5669,2975,380954,7155,127578
04-07-2003,302307,3688,67528,373524,102035,99183,7727,4841,2886,383517,7155,126912
11-07-2003,302651,3720,69081,375452,98421,94314,8012,5048,2964,384244,7155,122380
18-07-2003,299692,3600,71998,375290,92707,87326,8209,5283,2926,388844,7155,121625
25-07-2003,295914,3997,78841,378752,96706,93572,7425,4480,2945,391984,7175,124539
01-08-2003,294062,4537,65924,364523,80564,78176,5792,2835,2957,390926,7175,119933
08-08-2003,297579,3595,69466,370641,85716,82328,6333,2886,3447,391241,7175,119824
15-08-2003,297936,3562,81196,382694,87104,83215,5786,2806,2980,392197,7175,109568
22-08-2003,295313,3558,75439,374309,74786,69548,6263,3312,2951,392463,7211,106413
29-08-2003,292483,3505,72861,368849,67890,63957,5746,2795,2951,395551,7211,107548
05-09-2003,296336,3426,77081,376843,73099,69635,5843,2865,2978,401292,7211,110601
12-09-2003,296867,3540,78337,378743,75571,73219,6093,3116,2977,402198,7211,112329
19-09-2003,294401,3660,69108,367168,63082,59675,6120,3106,3014,406673,7229,115936
26-09-2003,292117,4028,71863,368009,62738,59439,5402,2433,2969,409702,7229,117062
03-10-2003,295499,4181,72543,372223,76431,72321,5009,2019,2990,398973,7229,115418
10-10-2003,300346,3877,83403,387626,81829,76015,5489,2486,3003,410168,7229,117089
17-10-2003,301231,3463,67583,372278,62624,59518,5225,2297,2928,414273,7229,117072
24-10-2003,305416,3457,72186,381059,71009,66684,5636,2601,3035,416714,7229,119528
31-10-2003,306319,4847,75496,386662,71210,66168,5552,2653,2899,419623,7252,116975
07-11-2003,310187,3292,73190,386670,66974,61156,5183,2289,2894,422132,7252,114871
14-11-2003,310416,3280,68860,382555,64353,58203,4708,2633,2075,424723,7252,118480
21-11-2003,309114,3255,74070,386440,60919,54618,5094,3020,2074,436956,7252,123781
28-11-2003,308811,3362,79001,391174,63839,57997,5020,2936,2084,441078,7262,126025
05-12-2003,312539,3367,74411,390316,58440,52263,5125,3026,2099,444983,7262,125493
12-12-2003,314370,3369,77622,395360,59434,53083,5134,3044,2090,450693,7262,127163
19-12-2003,313031,3174,76209,392415,53709,45488,5440,3349,2091,455560,7262,129557
26-12-2003,312387,3693,75068,391149,50576,43831,5324,3244,2080,458605,7272,130628
02-01-2004,312177,3889,77957,394023,49572,43737,4789,2718,2071,465465,7272,133075
09-01-2004,316251,3316,75677,395243,48161,40459,5721,3564,2157,472416,7272,138326
16-01-2004,317729,3352,73007,394088,43313,36919,5323,3253,2070,468745,7272,130564
23-01-2004,316382,3463,84257,404102,52409,48250,5621,3557,2064,472895,7280,134104
30-01-2004,315925,4034,78060,398018,39922,35841,5917,3850,2067,475842,7280,130943
06-02-2004,320959,3582,73263,397804,38111,34307,3842,1783,2059,482697,7280,134126
13-02-2004,323543,3269,74720,401532,40145,35269,4111,2055,2056,486564,7280,136568
20-02-2004,323170,3470,77264,403904,37469,30512,4417,2356,2061,487435,7291,132708
27-02-2004,322212,3279,79164,404655,34745,30566,5145,3082,2063,490433,7291,132960
05-03-2004,325962,3300,82424,411687,36430,32650,4352,2289,2063,494433,7291,130819
12-03-2004,329369,3471,84320,417159,35681,34010,4424,2370,2054,496114,7291,126351
19-03-2004,328262,4209,75305,407776,27483,23305,3917,1874,2043,497402,7296,128322
26-03-2004,327283,5079,84703,417065,31981,27445,4549,2493,2056,493648,7296,120408
02-04-2004,326421,4372,84852,415645,23279,22599,7939,5866,2073,487302,7296,110170
09-04-2004,334491,3729,83416,421636,14972,10623,6383,4342,2041,500461,7296,107474
16-04-2004,339601,3826,72340,415768,1647,6028,6249,4225,2024,510219,7296,106350
23-04-2004,340753,3857,83968,428578,8377,5760,5681,3659,2022,514531,7296,107305
30-04-2004,341135,3807,90141,435083,13361,7689,5438,3416,2022,520009,7314,111038
07-05-2004,346254,3690,76558,426503,4668,1272,4237,2215,2022,524226,7314,113941
14-05-2004,347650,3683,81379,432712,8921,4957,4309,2288,2021,532804,7314,120635
21-05-2004,345565,3662,85598,434825,14314,10320,4487,2466,2021,531221,7314,122511
28-05-2004,343094,3803,79611,426508,4259,651,5911,3795,2116,537506,7324,128492
04-06-2004,345950,3773,77246,426969,6812,5016,3916,1985,1931,535073,7324,126155
11-06-2004,346822,3523,84443,434787,12354,9288,4175,2254,1921,532436,7324,121501
18-06-2004,344500,4553,76123,425176,3009,1207,4226,2332,1894,541274,7324,130657
25-06-2004,341345,3656,84700,429700,10764,6891,4495,2605,1890,541938,7333,134829
02-07-2004,340570,5231,78912,424712,2931,577,5073,3183,1890,545881,7333,136504
09-07-2004,342644,4642,76315,423600,1270,,4925,3035,1890,546731,7333,136657
16-07-2004,341154,4488,83811,429453,7314,3693,5234,3344,1890,552997,7333,143423
23-07-2004,337556,4564,82275,424395,2363,1640,5121,3231,1890,546541,7339,136967
30-07-2004,333981,4682,84300,422962,4675,1554,5576,3686,1890,543370,7339,137998
06-08-2004,337441,4700,80931,423072,6322,4137,3306,1416,1890,548054,7339,141948
13-08-2004,338209,4428,92823,435460,16389,14163,3665,1775,1890,546034,7339,137967
20-08-2004,336387,4491,88995,429873,10580,7380,4025,2135,1890,545026,7339,137097
27-08-2004,334587,4470,83372,422429,3080,750,4416,2526,1890,538271,7339,130677
03-09-2004,336900,4516,87016,428432,9001,7761,4130,2240,1890,538581,7339,130618
10-09-2004,338572,4544,84299,427415,7649,5782,4299,2409,1890,541166,7339,133038
17-09-2004,337179,4411,81826,423415,4585,2392,3756,1866,1890,536677,7341,128945
24-09-2004,334151,4487,90235,428872,10571,7880,3734,1844,1890,539787,7341,132561
01-10-2004,332798,7039,88352,428190,8694,7868,4281,2391,1890,541846,7341,133972
08-10-2004,338320,6694,92591,437605,18902,15312,3832,1942,1890,540918,7341,133388
15-10-2004,341067,6670,91435,439172,20865,15524,3773,1883,1890,542755,7341,135562
22-10-2004,342921,6681,99765,449366,31261,25371,3922,2032,1890,546150,7341,139308
29-10-2004,342164,6501,93715,442380,22554,18135,4187,2297,1890,544963,7361,136685
05-11-2004,349185,6645,97297,453127,30388,27093,6848,4852,1996,545322,7361,136791
12-11-2004,359900,6788,92073,458760,30737,27380,7097,4688,2409,552420,7361,138854
19-11-2004,359536,6615,103112,469262,34073,29637,8604,6545,2059,558591,7361,139366
26-11-2004,354914,4403,96337,455655,18204,14052,7328,5438,1890,565559,7374,142811
03-12-2004,355828,4372,97253,457452,9630,8910,5049,3159,1890,572243,7374,136844
10-12-2004,357298,4259,91444,453002,5101,4626,5130,3240,1890,572350,7374,136953
17-12-2004,355766,4191,98433,458390,9014,7686,6603,4713,1890,569204,7374,133804
24-12-2004,353646,4721,96595,454961,4770,2594,7483,5593,1890,568140,7431,132861
31-12-2004,351088,4642,113674,469404,18333,15337,8180,6290,1890,565418,7431,129958
07-01-2005,355917,4548,88541,449007,2265,3686,7302,5412,1890,559597,7431,123058
14-01-2005,358584,4411,99348,462344,11518,9908,7637,5747,1890,560947,7431,125189
21-01-2005,357994,5510,102227,465731,14187,11023,8124,6234,1890,560344,7436,124360
28-01-2005,356420,4464,103590,464474,13530,10137,7482,6092,1390,561595,7436,125569
04-02-2005,359105,4418,99762,463285,12560,11849,6405,5015,1390,554312,7436,117427
11-02-2005,361807,4368,100827,467002,12514,11453,6417,5027,1390,562933,7436,122298
18-02-2005,361254,4364,96186,461804,2037,4517,6530,5140,1390,576600,7435,126723
25-02-2005,358982,5478,102198,466659,4680,6881,6125,4735,1390,586453,7435,128674
04-03-2005,363050,4420,96643,464113,16077,16713,6130,4740,1390,595008,7435,128382
11-03-2005,367486,4774,103631,475891,13282,14280,6186,4796,1390,605595,7435,130042
18-03-2005,368661,6478,113996,489135,17975,30770,6648,5258,1390,612790,7448,119776
25-03-2005,369935,6379,117126,493440,8233,8519,7682,6292,1390,611172,7448,124629
01-04-2005,368000,6295,100325,474619,27662,28214,6634,5244,1390,611443,7448,123243
08-04-2005,376799,4544,104028,485372,16562,17847,6524,5135,1390,612862,7448,124901
15-04-2005,381752,4682,110653,497088,4541,8720,6343,4954,1390,614051,7448,126213
22-04-2005,383480,4433,104903,492816,9260,13760,6378,4988,1390,617274,7448,129024
29-04-2005,384319,4462,111859,500640,1199,5850,6596,5206,1390,613095,7435,125288
06-05-2005,391483,4612,102219,498314,5588,7027,6585,5196,1390,608357,7435,118475
13-05-2005,394627,4247,112512,511387,7612,5517,7029,5640,1390,602580,7435,113271
20-05-2005,393111,4289,105989,503389,1038,1024,7657,6268,1390,601266,7435,111932
27-05-2005,389838,4302,96554,490695,16067,16921,8483,7093,1390,602321,7495,111538
03-06-2005,391643,4396,106155,502194,4170,4312,7615,6226,1390,598604,7495,107351
10-06-2005,393192,4362,107779,505333,770,729,7924,6534,1390,596570,7495,105887
17-06-2005,391831,4747,107306,503884,757,716,6940,5551,1390,601526,7495,111320
24-06-2005,388538,4435,103317,496290,8699,8658,7802,6413,1390,598202,7832,108847
01-07-2005,386300,5028,108897,500224,3196,3499,6344,4958,1387,591464,7832,102220
08-07-2005,389267,4872,103484,497622,5259,5610,5251,3864,1387,590468,7832,100670
15-07-2005,388197,4897,113825,506919,2432,2273,4985,3598,1387,591856,7832,100185
22-07-2005,384337,4933,108186,497455,7509,7927,4829,3442,1387,590033,8190,98088
29-07-2005,380382,5469,121399,507250,9190,9878,5028,3641,1387,604683,8190,101460
05-08-2005,383280,5165,101457,489903,32684,33054,4584,3197,1387,613600,8190,103786
12-08-2005,385267,4687,112010,501965,29058,29266,4824,3437,1387,623069,8190,105059
19-08-2005,384372,4781,115468,504621,25508,25656,4778,3391,1387,617820,8183,100652
26-08-2005,380697,4711,111449,496857,33121,33430,4511,3124,1387,622573,8183,105290
02-09-2005,380163,5453,108727,494343,35756,35715,5016,3629,1387,633319,8183,116419
09-09-2005,384321,4719,101438,490478,40295,40448,4871,3484,1387,630188,8183,112469
16-09-2005,383893,4937,115380,504210,26306,26556,5436,4049,1387,626431,8183,109534
23-09-2005,380372,4748,122182,507302,22223,22293,5037,3650,1387,622010,8183,105705
30-09-2005,379060,5192,113096,497348,33950,33909,5933,4546,1387,623022,8741,106398
07-10-2005,386622,4716,114258,505596,25362,25546,5223,3836,1387,628829,8741,111835
14-10-2005,392397,5067,121427,518891,11333,11361,5271,3884,1387,637065,8741,120853
21-10-2005,390538,4606,117285,512429,18215,18184,5322,3935,1387,638269,8741,121688
28-10-2005,394282,4609,111995,510885,19815,19853,4957,3570,1387,641295,8675,124227
04-11-2005,406185,4573,120208,530966,157,526,5486,4099,1387,641413,8675,124450
11-11-2005,406551,4503,113965,525019,7013,7030,7037,5190,1846,644963,8675,128643
18-11-2005,404576,4502,121447,530526,1466,1582,6371,4484,1887,643994,8675,127048
25-11-2005,401742,4807,117043,523592,7872,8064,5529,4142,1387,644535,8618,127219
02-12-2005,402734,4780,118242,525756,8246,8536,5391,4004,1387,654156,8618,134162
09-12-2005,408341,4533,114651,527525,5339,5700,4594,3207,1387,659405,8618,139754
16-12-2005,409513,4453,126006,539972,7025,7066,4711,3325,1387,652563,8618,132945
23-12-2005,408214,4445,110129,522788,14071,14096,6034,4513,1522,646764,8641,124581
30-12-2005,406632,4610,124059,535302,27633,27479,9652,6900,2752,614254,8641,124878
06-01-2006,411373,4603,108363,524339,18941,18925,5565,4178,1387,618422,8641,127230
13-01-2006,417713,4808,131315,553836,46656,46698,8973,6397,2576,613776,8641,124212
20-01-2006,416161,4556,113127,533844,27323,27364,8423,6084,2339,614837,7590,124330
27-01-2006,415112,4633,122230,541975,34818,34859,9256,7212,2043,612192,7590,121882
03-02-2006,417781,4814,111330,533924,26300,26341,7083,5165,1918,614936,7590,121984
10-02-2006,423033,4992,120866,548891,35533,35574,7985,6143,1842,617391,7590,119609
17-02-2006,423908,4795,112584,541287,24754,24796,7756,6015,1741,624363,7609,123195
24-02-2006,422460,5046,123611,551117,33619,33646,6895,5266,1629,625778,7609,122784
03-03-2006,425708,5042,121081,551831,32871,32912,6093,4464,1629,631676,7609,126419
10-03-2006,430913,5241,123140,559294,31433,31474,7198,5566,1632,637042,7609,123988
17-03-2006,432851,5721,116137,554709,24836,24877,5600,4166,1435,645866,7609,129203
24-03-2006,430719,6188,125273,562180,16054,16095,7316,5929,1387,660408,7609,129207
31-03-2006,429578,6843,135511,571932,6599,5160,7182,5795,1387,672986,7656,122492
07-04-2006,434027,6772,125662,566460,2524,2653,5678,4291,1387,684808,7656,129157
14-04-2006,441715,6641,114660,563016,9753,10447,5151,3764,1387,699184,7656,139222
21-04-2006,445643,6664,128062,580370,5559,4137,4733,3346,1387,705334,7656,142913
28-04-2006,446376,6618,142207,595202,17929,16996,3827,2440,1387,719050,7709,153313
05-05-2006,452433,6838,134468,593739,13276,13317,3657,2270,1387,725436,7709,156339
12-05-2006,456623,6626,128288,591537,11510,11772,2852,1465,1387,734100,7709,164634
19-05-2006,454851,6525,128074,589450,7760,7434,3709,2323,1387,736946,7709,166675
26-05-2006,451642,6383,130562,588587,7734,7775,2764,1378,1387,741325,7749,170985
02-06-2006,452026,6801,128033,586860,3181,3222,3183,1796,1387,756193,7749,183446
09-06-2006,456190,6374,131793,594357,10744,10786,3969,2582,1387,744691,7749,172797
16-06-2006,456252,6372,133883,596507,13473,13514,3854,2467,1387,745424,7749,173994
23-06-2006,452918,5229,128308,586454,8189,8230,4047,2660,1387,744831,7792,178406
30-06-2006,448769,5890,134269,588928,5759,5695,5572,4188,1384,747165,7792,177360
07-07-2006,452351,5878,123690,581920,2191,2344,4044,2660,1384,749387,7792,177113
14-07-2006,453296,5812,127297,586404,3383,3424,4100,2716,1384,751453,7792,180323
21-07-2006,450244,5728,127058,583030,1237,1196,4088,2704,1384,760868,7824,188512
28-07-2006,446782,6005,128568,581355,2970,2976,4319,2935,1384,759778,7824,187596
04-08-2006,449534,5814,128371,583719,769,980,2657,1273,1384,767972,7824,193965
11-08-2006,453500,5479,129318,588297,2517,2638,2712,1328,1384,764415,7824,184137
18-08-2006,453650,5766,130758,590174,1252,1258,3225,1841,1384,765055,7857,184710
25-08-2006,448829,5495,134841,589166,3156,3286,4095,2711,1384,766912,7857,186542
01-09-2006,447997,5891,131878,585765,7604,8050,3978,2594,1384,770951,7857,189416
08-09-2006,453315,5474,130314,589102,5680,6017,5111,3727,1384,759611,7857,177796
15-09-2006,452715,5437,142287,600439,6920,6832,5523,4139,1384,760373,7857,180233
22-09-2006,449687,5434,128821,583942,9516,9614,5604,4220,1384,761662,7857,181665
29-09-2006,450860,5676,148531,605067,11016,10815,7154,5682,1472,756219,7900,177221
06-10-2006,455288,5663,128351,589301,5959,6395,6118,4734,1384,750538,7900,169296
13-10-2006,459206,5409,133400,598014,2776,2567,6045,4661,1384,747707,7900,166413
20-10-2006,467906,5403,142558,615868,20124,20189,6806,5421,1384,750291,7900,169253
27-10-2006,470842,4993,130375,606210,10732,10617,6807,5423,1384,752562,7952,171843
03-11-2006,468226,4918,140081,613225,18417,18022,6043,4659,1384,745982,7952,165168
10-11-2006,470602,4871,124169,599642,4017,3789,4732,3348,1384,744938,7952,161997
17-11-2006,470545,4924,140434,615903,9101,8851,5442,4058,1384,763317,7952,169909
24-11-2006,468547,5261,139890,613697,3426,3272,5283,3899,1384,771921,7990,174923
01-12-2006,468260,5240,136137,609636,3337,3681,4673,3289,1384,780994,7990,180685
08-12-2006,475930,4758,137990,618678,4774,4167,3692,2308,1384,781132,7990,178910
15-12-2006,478800,4824,147030,630654,11995,11954,7839,6359,1480,780977,7990,178147
22-12-2006,477692,5175,136366,619233,1738,1753,9220,7704,1515,783470,8027,179745
29-12-2006,477139,5450,161981,644571,20026,19596,10479,8906,1574,781543,8027,175505
05-01-2007,481032,5298,138973,625302,312,919,7028,5542,1486,779788,8027,169229
12-01-2007,486460,5182,155522,647163,18544,18183,9543,7867,1677,788811,8027,177762
19-01-2007,488261,5559,147830,641650,12242,12123,9711,7804,1907,787320,8064,175686
26-01-2007,487707,4725,162127,654559,19039,18781,9704,7889,1815,789661,8064,171909
02-02-2007,489948,5051,153462,648462,12629,12541,7151,5307,1844,791771,8064,171154
09-02-2007,496350,4817,154369,655536,75,207,3878,2437,1441,813460,8064,169792
16-02-2007,498951,4677,165642,669270,32,87,4380,2939,1441,830882,8103,174064
23-02-2007,498154,4752,166890,669797,14609,14695,3512,2071,1441,852995,8103,180205
02-03-2007,500790,4937,164954,670682,19801,19760,3172,1788,1384,859766,8103,180557
09-03-2007,506716,4854,177776,689346,1349,1458,3085,1701,1384,858588,8103,179080
16-03-2007,507932,4721,176341,688994,3378,3337,5778,4345,1433,863540,8103,185049
23-03-2007,506566,4773,188131,699470,149,108,9152,7506,1646,862495,8103,180132
30-03-2007,504935,5354,191330,701620,2802,2761,9108,7570,1537,866152,8161,178998
06-04-2007,508053,8277,175964,692293,12773,12802,4728,3343,1384,862675,8161,170497
13-04-2007,518475,7275,165497,691248,18307,18486,2765,1381,1384,866592,8161,167964
20-04-2007,521436,6943,194021,722400,9588,9137,7951,6565,1386,855212,8161,158512
27-04-2007,520898,6940,202508,730347,18546,17991,6708,5322,1386,838082,8227,141215
04-05-2007,525528,6971,197376,729874,15929,14235,6049,4663,1386,832671,8227,133001
11-05-2007,528690,7331,182376,718397,6348,4230,2981,1595,1386,841289,8227,140448
18-05-2007,526949,5289,196176,728414,12772,11848,7133,5747,1386,832612,8227,132330
25-05-2007,522858,5319,197666,725844,6304,5529,5817,4431,1386,830590,8356,125223
01-06-2007,520079,5919,226187,752185,21965,21948,2814,1428,1386,842947,8356,123898
08-06-2007,524943,14795,209064,748802,12657,11795,2727,1341,1386,856608,8356,131546
15-06-2007,524544,5375,212927,742846,1850,880,2745,1359,1386,862423,8356,132528
22-06-2007,521064,7032,192496,720592,19731,19690,2723,1337,1386,863408,8427,134235
29-06-2007,515774,4731,211370,731874,25001,25042,2659,1276,1383,868044,8427,172256
06-07-2007,517618,11006,211266,739890,28167,27847,1394,11,1383,867527,8427,165624
13-07-2007,518546,5232,212021,735799,14119,13448,1394,11,1383,884400,8427,172541
20-07-2007,514638,12324,224980,751942,21884,21011,1394,11,1383,893889,8490,173715
27-07-2007,509668,5834,244816,760318,9177,8152,1393,10,1383,910493,8490,169236
03-08-2007,509645,16049,252045,777739,15827,14593,1397,14,1383,923779,8490,171755
10-08-2007,512395,5031,228602,746027,63265,65262,1412,29,1383,929296,8490,129906
17-08-2007,512920,5010,214316,732246,80206,80193,3776,2364,1412,938645,8490,138459
24-08-2007,508609,5098,234660,748367,60101,60479,1491,108,1383,939991,8490,141504
31-08-2007,506688,5011,234534,746234,62939,64271,1475,92,1383,935471,8615,136389
07-09-2007,511451,5069,220264,736783,72775,75507,1484,101,1383,936257,8615,136798
14-09-2007,513758,5027,234376,753160,60418,61877,1474,91,1383,937770,8615,134282
21-09-2007,510903,5313,224347,740563,78985,79439,1568,185,1383,939485,8615,130121
28-09-2007,507667,5554,267959,781180,74426,75277,1466,83,1383,982840,8680,137380
05-10-2007,512544,5239,223688,741471,134974,135917,1383,0,1383,990937,8680,124555
12-10-2007,520548,4957,231763,757268,136711,136812,1383,0,1383,1008103,8680,124188
19-10-2007,526800,4972,234279,766052,141002,140980,1402,19,1383,1037234,8680,140262
26-10-2007,527022,4830,238095,769946,137066,137368,1383,0,1383,1035299,8755,138425
02-11-2007,532329,4860,240482,777671,137176,138334,1402,19,1383,1047482,8755,142792
09-11-2007,550619,5196,241318,797132,128888,130472,1389,6,1383,1061101,8755,145225
16-11-2007,551408,4830,268393,824631,109364,109348,2862,1154,1708,1065212,8755,142834
23-11-2007,547205,4757,240726,792688,142122,142103,1878,174,1704,1075467,8926,151462
30-11-2007,544237,5366,263886,813489,126815,126921,2089,415,1674,1083300,8926,154011
07-12-2007,550738,4712,259691,815141,125983,126194,1632,249,1383,1076554,8926,145989
14-12-2007,554017,4782,278065,836864,110456,110587,2849,1024,1824,1072621,8926,137076
21-12-2007,554449,4735,248590,807774,140213,140355,2314,842,1472,1077522,8992,140841
28-12-2007,553857,4984,272018,830859,119393,119921,3859,2307,1553,1085265,8992,147864
04-01-2008,556057,4883,244254,805194,149592,150278,1478,95,1383,1084577,8992,140261
11-01-2008,563306,4801,258875,826982,146349,146308,1493,110,1383,1105278,8992,142432
18-01-2008,566389,4733,267055,838177,155879,155679,5890,4319,1571,1117181,9051,138066
25-01-2008,563022,5031,269115,837168,160892,160877,3003,1620,1383,1134209,9051,148202
01-02-2008,561009,7260,308445,876714,128558,128517,2187,734,1453,1150271,9051,156237
08-02-2008,569888,4743,270197,844828,167867,168149,1400,17,1383,1148301,9051,146057
15-02-2008,574579,4684,250814,830077,178091,178084,1393,10,1383,1159543,9051,161818
22-02-2008,574806,4706,277868,857380,155554,155512,6732,4719,2013,1175609,9051,178457
29-02-2008,575434,4982,270106,850522,172322,172281,2500,797,1703,1200809,9137,189602
07-03-2008,585495,4815,282784,873094,150024,149983,2530,1147,1383,1227576,9137,216125
14-03-2008,590759,4818,268378,863955,161454,161412,1885,502,1383,1237462,9137,223076
21-03-2008,593602,4879,295730,894211,139020,138346,8574,6269,2305,1229994,9137,214474
28-03-2008,591279,5246,272526,869051,168235,168194,5879,4000,1879,1237717,9224,215534
04-04-2008,593693,6015,263234,862942,183608,183697,2264,838,1426,1244778,9224,209717
11-04-2008,606244,5321,262267,873832,172832,173751,1861,478,1383,1245575,9224,209996
18-04-2008,611690,6160,290669,908518,136217,137570,1876,493,1383,1250240,9224,216605
25-04-2008,610949,6157,271181,888286,160485,160915,1857,474,1383,1254863,9319,217267
02-05-2008,613284,6219,298267,917770,137939,137970,1850,467,1383,1268097,9319,223558
09-05-2008,622267,6126,286472,914866,140575,141151,1550,167,1383,1291011,9319,246440
16-05-2008,625864,6535,321958,954356,100147,100624,2572,1189,1383,1334885,9319,292272
23-05-2008,625079,6184,280639,911903,144323,144585,1549,166,1383,1349892,9385,304601
30-05-2008,622038,6685,327881,956604,100575,100534,4119,2684,1435,1337634,9385,293959
06-06-2008,627849,5043,299448,932340,124207,124165,1918,535,1383,1348200,9385,302957
13-06-2008,631067,4634,318909,954610,96460,96419,5419,3726,1693,1329365,9385,293099
20-06-2008,627660,4912,299115,931686,113222,113206,3020,1612,1408,1340058,9449,307619
27-06-2008,621983,5030,323739,950751,82860,82818,4625,3115,1510,1331638,9449,312101
04-07-2008,623597,5079,287874,916550,109022,108981,2919,1538,1381,1330041,9449,316837
11-07-2008,627875,5164,332997,966036,52666,52643,6656,5185,1471,1315942,9449,313344
18-07-2008,625843,5069,320967,951879,59096,59055,5506,4068,1438,1311675,9513,315719
25-07-2008,619817,4981,346104,970902,43889,43847,7064,5587,1478,1293203,9513,294990
01-08-2008,614661,5051,323136,942848,76573,76532,3671,2290,1381,1292171,9513,285934
08-08-2008,619111,5013,343408,967533,52996,52954,6114,4625,1489,1264130,9513,259229
15-08-2008,620140,4935,335543,960618,74109,74067,6984,5394,1590,1265886,9513,247657
22-08-2008,617810,4957,346810,969576,67250,67389,6352,4717,1635,1286560,9513,265600
29-08-2008,611328,5216,330875,947419,89230,89189,3469,2089,1381,1290944,9624,267389
05-09-2008,615548,4979,357921,978448,57376,57335,5181,3673,1507,1278741,9624,257723
12-09-2008,617293,4923,336184,958400,71788,72144,4148,2685,1463,1320981,9624,304566
19-09-2008,614954,5516,360766,981236,44244,44203,9960,8227,1733,1348018,9624,342122
26-09-2008,613144,5428,338334,956906,61862,61827,7983,6116,1867,1350396,9655,349267
03-10-2008,620904,5076,368694,994674,24362,24824,10521,8470,2051,1328969,9655,330110
10-10-2008,632022,4848,338254,975125,31276,31630,10237,8385,1852,1331156,9655,344647
17-10-2008,634027,5485,261654,901166,98013,99102,12265,10884,1381,1329530,9655,352270
24-10-2008,638579,5006,224171,867756,108911,109174,14173,12792,1381,1285908,9731,333145
31-10-2008,647935,5568,281596,935098,8173,9080,23932,21869,2062,1243182,9731,333573
07-11-2008,649655,6480,212663,868798,71456,72661,19999,18073,1926,1199569,9731,289046
14-11-2008,649798,6514,230579,886891,50874,52142,23181,21258,1923,1216039,9731,311186
21-11-2008,645632,4908,224258,874798,61506,61503,24590,23075,1514,1226827,9787,324900
28-11-2008,642241,5166,246439,893846,36167,36126,23841,22366,1475,1230173,9787,333788
05-12-2008,647991,4770,218802,871563,43873,44013,7409,6029,1381,1217548,9787,319309
12-12-2008,653648,5042,231552,890242,26269,26550,9986,8605,1381,1216602,9787,319864
19-12-2008,651421,12463,222561,886445,31632,31895,13014,11634,1381,1194060,9841,298839
26-12-2008,651086,4848,232509,888443,35142,35101,15616,13535,2081,1216622,9841,318494
02-01-2009,648453,5632,210474,864559,56450,56468,9709,7308,2401,1243168,9841,341710
09-01-2009,657497,5319,236269,899085,18267,18680,8346,5946,2401,1241664,9841,342500
16-01-2009,662907,5198,225420,893525,28137,28495,11935,8935,3001,1225451,9841,325566
23-01-2009,660087,5226,206808,872121,49189,49453,10626,6527,4099,1213308,9841,312465
30-01-2009,659143,6547,208748,874438,46952,47690,10659,6261,4399,1214580,9917,313767
06-02-2009,668437,4901,212142,885480,35907,35866,9205,3992,5214,1221890,9917,319626
13-02-2009,675958,6875,212613,895447,29814,29773,13451,7702,5749,1212690,9917,310798
20-02-2009,676858,5403,230123,912384,12488,12447,13741,7093,6649,1239028,9917,337814
27-02-2009,675228,5936,206512,887675,39791,39992,13954,7113,6841,1260413,9984,356885
06-03-2009,684793,4942,217937,907672,9618,10639,10592,2890,7703,1268795,9984,372081
13-03-2009,693982,6678,213474,914134,3278,3237,16095,7992,8103,1279969,9984,388637
20-03-2009,692071,4821,231531,928423,13096,13137,23643,13810,9834,1270261,9984,388562
27-03-2009,691112,4974,251165,947251,32845,33890,22862,11728,11134,1271708,10054,390218
03-04-2009,691450,9291,228722,929462,13179,12256,20194,6555,13640,1280349,10054,394314
10-04-2009,706009,10383,193452,909843,8967,10183,20348,6978,13370,1259951,10054,371544
17-04-2009,714056,5457,222750,942263,31803,31844,14950,1980,12970,1252527,10054,367072
24-04-2009,714422,9680,236251,960354,51150,50460,15948,2912,13036,1261210,10121,378075
01-05-2009,716922,5475,250602,972999,72796,71737,14485,1840,12646,1260334,10121,384737
08-05-2009,726061,6822,207243,940126,42490,43162,12789,10,12779,1256653,10121,381927
15-05-2009,728833,4842,226712,960388,65748,65789,13103,58,13045,1255369,10121,383953
22-05-2009,724621,4687,228434,957743,57275,57316,15355,2360,12995,1228040,10212,353138
29-05-2009,719551,6253,229423,955227,61128,61170,13697,420,13277,1235711,10212,365521
05-06-2009,723809,7254,227907,958970,60134,60175,14360,1719,12641,1225300,10212,351035
12-06-2009,725337,4694,237456,967488,68874,68821,12941,420,12521,1245095,10212,369633
19-06-2009,720845,9581,218611,949037,50435,50264,14555,1810,12745,1263360,10308,389620
26-06-2009,714622,4963,219711,939297,43593,43634,11665,410,11255,1277461,10308,403730
03-07-2009,712882,4328,210201,927411,24502,24261,12904,675,12229,1264309,10308,384611
10-07-2009,716769,4209,221428,942405,40143,40184,12273,465,11808,1279346,10308,399665
17-07-2009,714678,4021,226218,944917,41940,41982,12398,465,11933,1290372,10308,410102
24-07-2009,708993,4756,228583,942331,39584,39543,11880,296,11584,1289808,10308,409249
31-07-2009,703825,4216,223209,931250,27846,27887,11952,296,11656,1302953,10416,421918
07-08-2009,713218,3937,226989,944144,43066,43108,11265,566,10699,1293158,10416,413761
14-08-2009,714418,4763,213247,932429,6410,6440,10359,0,10359,1302826,10416,397582
21-08-2009,710690,3850,240877,955417,30375,30250,9884,0,9884,1319584,10416,414842
28-08-2009,706562,5405,224104,936071,10151,10102,10176,0,10176,1320950,10504,415711
04-09-2009,710955,4035,222727,937716,4755,4548,9266,0,9266,1328480,10504,415290
11-09-2009,716404,14960,240451,971815,41861,41260,9726,0,9726,1332623,10504,422900
18-09-2009,719013,14230,221607,954850,27357,26388,8552,0,8552,1322876,10504,414441
25-09-2009,721926,4038,239290,965254,35482,35296,10807,0,10807,1313480,10610,405126
02-10-2009,721768,3708,261165,986642,54709,54750,12397,20,12377,1311674,10610,402748
09-10-2009,729324,4399,202117,935841,5365,5407,8002,20,7982,1282675,10610,370812
16-10-2009,744628,5939,260301,1010868,84733,85884,6657,20,6637,1290255,10610,381387
23-10-2009,743693,3973,222880,970546,43722,43252,6511,20,6491,1297170,10731,387588
30-10-2009,736715,3739,256271,996725,69739,69611,6054,20,6034,1304610,10731,394409
06-11-2009,744389,4827,233786,983001,51209,51034,5061,20,5041,1309814,10731,393813
13-11-2009,751301,3673,240360,995334,64829,64524,5166,0,5166,1305830,10731,391222
20-11-2009,751559,4784,246853,1003196,72328,71301,5396,0,5396,1303154,10828,388510
27-11-2009,752055,4755,242780,999590,67640,67722,5415,0,5415,1311853,10828,396147
04-12-2009,758349,3659,243202,1005210,72122,72163,4994,0,4994,1299365,10828,382099
11-12-2009,766105,3618,234285,1004008,71682,71723,4453,20,4433,1299198,10828,382152
18-12-2009,767368,4956,244746,1017070,86910,86893,4881,163,4718,1298373,10919,384013
25-12-2009,765506,3555,262019,1031080,101284,101241,4922,0,4922,1295424,10919,381469
01-01-2010,761216,3713,216080,981009,45554,45596,6525,190,6335,1293061,10919,375050
08-01-2010,770420,3848,237383,1011652,75792,75830,6366,390,5976,1274590,10919,356015
15-01-2010,777450,3770,244722,1025942,91433,91400,5431,390,5041,1275109,10919,356950
22-01-2010,775583,3591,250178,1029352,95135,95029,5527,0,5527,1278075,10919,360304
29-01-2010,772675,4292,248677,1025644,90212,89476,5468,0,5468,1273613,11054,354703
05-02-2010,778986,3493,236075,1018554,80043,79568,6214,0,6214,1268304,11054,347061
12-02-2010,785681,3498,263598,1052777,117441,116741,4906,0,4906,1268183,11054,348807
19-02-2010,786520,3527,275759,1065805,131560,131329,4899,270,4629,1266144,11054,347851
26-02-2010,786208,3664,296578,1086451,151876,152788,4953,240,4713,1258181,11168,339727
05-03-2010,794623,3626,279400,1077649,139319,139019,4761,95,4666,1247108,11168,324706
12-03-2010,801752,3522,295032,1100306,162603,161603,5870,95,5775,1244391,11168,323726
19-03-2010,802382,4251,299410,1106043,171672,171389,5372,35,5337,1238447,11168,320615
26-03-2010,801493,5554,298504,1105551,170892,170376,4564,42,4522,1229947,11270,311123
02-04-2010,798522,3947,354883,1157352,221925,221831,2497,1169,1328,1232145,11270,310484
09-04-2010,815205,4130,252952,1072287,131527,128750,1328,0,1328,1216141,11270,287978
16-04-2010,827269,3832,302581,1133682,197544,197426,1328,0,1328,1219849,11270,296309
23-04-2010,829150,3592,294715,1127457,189716,189236,1328,0,1328,1218613,11401,293601
30-04-2010,831603,3964,330382,1165950,229449,228837,1328,0,1328,1215678,11401,291906
07-05-2010,844787,3667,311960,1160414,214461,213907,1328,0,1328,1229710,11401,296486
14-05-2010,853858,3658,311801,1169317,223298,223339,1328,0,1328,1204654,11401,271364
21-05-2010,855977,3793,299597,1159367,212485,212526,1328,0,1328,1250887,11508,316840
28-05-2010,854189,3947,328984,1187120,242180,241964,1328,0,1328,1234287,11508,302183
04-06-2010,857881,3612,294734,1156227,213813,213855,1463,135,1328,1237364,11508,307922
11-06-2010,864269,3693,320874,1188837,244694,244735,4055,2642,1414,1248958,11508,320378
18-06-2010,864450,3078,303257,1170785,227382,227388,3348,1870,1478,1246565,11625,318134
25-06-2010,858454,2954,326444,1187852,244790,244751,3851,2373,1478,1261305,11625,333719
02-07-2010,854173,3671,310675,1168519,223244,223285,3773,2198,1575,1270793,11625,340915
09-07-2010,861654,3580,312423,1177657,232452,232494,4280,2705,1575,1277885,11625,348585
16-07-2010,861933,3546,307768,1173246,226719,226760,4332,2757,1575,1290427,11625,359857
23-07-2010,855612,3335,334537,1193484,247744,247785,4847,3271,1575,1300421,11625,371153
30-07-2010,847977,4441,318373,1170791,222635,222676,3367,2041,1325,1291937,11761,358909
06-08-2010,853481,4444,313880,1171804,221837,221878,2605,1280,1325,1292185,11761,356584
13-08-2010,858573,4199,313420,1176192,209123,209164,2457,1132,1325,1285913,11761,333063
20-08-2010,858987,4188,329282,1192458,225603,225447,2453,1128,1325,1284881,11761,332241
27-08-2010,856867,3980,314921,1175768,207611,207291,2220,895,1325,1293375,11886,339324
03-09-2010,857226,3989,314190,1175405,205521,205491,2263,938,1325,1301228,11886,345494
10-09-2010,868794,3850,336351,1208994,242093,242213,2202,877,1325,1294589,11886,341776
17-09-2010,867753,4503,308671,1180926,215595,215292,2427,1101,1325,1293990,11886,342972
24-09-2010,860684,4030,309738,1174452,206761,206802,3671,2346,1325,1299987,12000,347967
01-10-2010,853317,4200,341563,1199080,228394,228320,7087,5761,1325,1284013,12000,332413
08-10-2010,866034,4619,293745,1164398,194702,193452,3920,2595,1325,1283081,12000,329304
15-10-2010,878108,3952,345111,1227170,260744,259080,5495,4018,1477,1276251,12000,327320
22-10-2010,876680,3972,292982,1173634,205651,203643,5631,4154,1477,1283421,12152,333221
29-10-2010,874043,4642,368272,1246958,279014,277617,7214,5642,1572,1296151,12152,347573
05-11-2010,898485,4255,330027,1232767,263241,261592,5509,3937,1572,1299944,12152,348080
12-11-2010,909074,3784,351478,1264336,291560,289661,7380,5808,1572,1300633,12152,347389
19-11-2010,909229,3536,319110,1231875,259513,258095,6085,4513,1572,1315913,12254,361891
26-11-2010,901542,5075,329974,1236591,264491,263290,6278,4653,1626,1310919,12254,357351
03-12-2010,903307,4259,321570,1229136,256018,256059,5082,3457,1626,1307919,12254,352136
10-12-2010,912072,3923,337909,1253904,282396,282437,5426,3801,1626,1306970,12254,353141
17-12-2010,913202,3344,326439,1242985,270795,270930,5916,4291,1626,1307849,12254,353829
24-12-2010,910426,2975,337639,1251040,277242,277183,5993,4368,1626,1305663,12254,350111
31-12-2010,906972,3571,331260,1241804,263952,263994,6703,5078,1626,1301870,12373,343095
07-01-2011,916432,3081,330293,1249806,271509,271550,5342,3964,1379,1302115,12373,341533
14-01-2011,926817,2909,326982,1256708,279284,278867,4742,3364,1379,1315239,12373,354931
21-01-2011,926883,13059,347437,1287380,310720,309909,6617,5239,1379,1333661,12373,375992
28-01-2011,924992,13330,309020,1247342,269302,268593,5793,4468,1325,1333507,12479,373738
04-02-2011,929881,3035,335098,1268013,287815,286782,5612,4287,1325,1334484,12479,372376
11-02-2011,941887,3086,332629,1277602,299431,297487,4683,3113,1570,1334491,12479,373482
18-02-2011,945803,3174,344935,1293912,316425,315151,5002,3432,1570,1327647,12479,367641
25-02-2011,941370,3582,334568,1279520,300211,299053,4996,3426,1570,1333269,12586,371542
04-03-2011,946256,3125,340890,1290272,309525,307534,6025,4455,1570,1329216,12586,367080
11-03-2011,955522,4456,332358,1292336,313073,311364,5673,4103,1570,1332039,12586,371035
18-03-2011,957648,3207,359309,1320164,342212,341731,8883,7312,1570,1335387,12586,378905
25-03-2011,954832,3485,337941,1296257,316389,315701,6866,5105,1760,1323199,12724,362921
01-04-2011,946452,3895,427405,1377752,396368,395801,7324,5159,2164,1331646,12724,370309
08-04-2011,965414,1765,296031,1263210,278111,276366,2420,1095,1325,1326578,12724,356623
15-04-2011,981122,1881,375163,1358165,375768,373248,3496,1947,1549,1338535,12724,372357
22-04-2011,983043,3305,359883,1346231,365280,364705,2504,1179,1325,1340176,12834,374564
29-04-2011,981781,3145,373032,1357959,377605,376032,3785,2189,1595,1358371,12834,394636
06-05-2011,994669,2942,350650,1348261,367235,367154,3181,1586,1595,1352132,12834,387121
13-05-2011,1002266,3484,380953,1386703,406803,406042,4330,2735,1595,1346861,12834,384126
20-05-2011,1000505,2977,358534,1362016,380487,379697,4260,2665,1595,1352171,12960,387863
27-05-2011,994377,3424,371568,1369369,387268,387094,5641,4046,1595,1367495,12960,403995
03-06-2011,996009,3803,357321,1357133,372396,371245,3635,1945,1690,1370824,12960,402683
10-06-2011,1003619,3124,369755,1376498,393328,393371,3901,1955,1946,1356449,12960,390141
17-06-2011,1000881,1934,354396,1357211,376109,375615,4192,2094,2098,1362748,12246,398084
24-06-2011,991769,1965,375955,1369689,388196,388177,4923,2825,2098,1356210,12246,391886
01-07-2011,981507,2926,401067,1385500,404247,404213,3842,1747,2095,1379060,12246,413895
08-07-2011,989504,1159,339319,1329982,343404,343199,4264,2762,1502,1363366,12246,393297
15-07-2011,991116,1190,368811,1361117,375423,374836,5394,3987,1407,1368508,12246,400454
22-07-2011,984264,1221,365621,1351106,366477,366472,4918,3119,1799,1374150,12246,406685
29-07-2011,975519,1378,379679,1356576,372134,372159,4196,2396,1799,1376726,12362,408841
05-08-2011,982395,1119,364962,1348476,362008,361713,4220,2421,1799,1386809,12362,416924
12-08-2011,989399,1088,377737,1368223,370087,369904,2832,1121,1711,1400070,12362,417127
19-08-2011,989543,1170,380789,1371502,371745,371775,4154,2316,1839,1414108,12362,430868
26-08-2011,983063,2766,382215,1368043,368132,367741,3581,1743,1839,1431016,12478,447164
02-09-2011,986466,2841,387026,1376333,375435,375189,4996,3158,1839,1439044,12478,455620
09-09-2011,991494,2531,380717,1374742,377149,377191,2296,824,1472,1433371,12478,450552
16-09-2011,990023,2284,381876,1374183,378828,378660,3636,2043,1593,1465573,12478,486332
23-09-2011,982143,2314,370213,1354670,356660,356252,4485,2702,1783,1507733,12481,526688
30-09-2011,975487,2513,423286,1401287,406753,406190,6120,3990,2130,1491114,12481,515180
07-10-2011,992909,2339,345812,1341060,342125,342007,4651,3328,1323,1500659,12481,518856
14-10-2011,994444,1213,388317,1383974,385246,384836,6583,4705,1878,1524192,12481,544529
21-10-2011,996822,1142,390680,1388644,394737,394346,2980,1102,1878,1556705,12784,578561
28-10-2011,1011612,1393,371661,1384666,391984,391681,5657,3779,1878,1530768,12784,556526
04-11-2011,1011732,1290,361695,1374717,380178,380167,2196,874,1323,1510366,12784,530807
11-11-2011,1021651,1152,407896,1430699,437123,436417,6298,4390,1908,1542632,12784,568138
18-11-2011,1021018,1159,378660,1400837,416903,415623,5165,3257,1908,1543334,12886,577451
25-11-2011,1015153,1353,392244,1408751,423184,423136,7868,5870,1998,1543975,12886,579163
02-12-2011,1014250,2649,369131,1386030,407242,406053,4010,2273,1737,1543372,12886,581481
09-12-2011,1027711,1125,388548,1417384,434696,434448,8004,6006,1998,1567027,12886,605229
16-12-2011,1030865,1166,370258,1402289,438037,437711,5826,3828,1998,1558133,12886,612593
23-12-2011,1025807,2278,428940,1457025,502863,502526,9548,7550,1998,1548813,12886,617086
30-12-2011,1019800,2227,371403,1393431,450060,450061,9176,5910,3266,1544457,13042,623303
06-01-2012,1027107,2288,382780,1412175,480250,479395,6545,3555,2990,1515069,13042,602731
13-01-2012,1038738,2078,378494,1419309,493355,493180,7931,4769,3162,1474754,13042,569773
20-01-2012,1039289,2025,409611,1450925,531122,530639,12413,9156,3257,1449790,13042,555442
27-01-2012,1037731,2660,389247,1429638,518397,518352,12550,9293,3257,1435167,13156,549632
03-02-2012,1041077,1050,365353,1407480,499562,499512,11706,8326,3380,1406690,13156,523635
10-02-2012,1054716,2150,345313,1402179,499265,499307,7597,4217,3380,1422544,13156,540383
17-02-2012,1059551,2138,375430,1437119,534546,534290,11581,8176,3405,1411802,13156,533966
24-02-2012,1056645,1092,331176,1388913,488369,488298,8952,5524,3427,1415854,13276,537538
02-03-2012,1057225,3294,380066,1440585,543596,543638,8429,4965,3463,1421455,13276,546170
09-03-2012,1072644,2056,330950,1405650,505205,505247,10918,6974,3944,1433795,13276,557543
16-03-2012,1074286,1211,315242,1390740,492257,492245,10915,6948,3967,1445891,13276,571599
23-03-2012,1071947,1562,340853,1414362,517103,517987,12755,8788,3967,1462786,13444,591726
30-03-2012,1069273,2112,364834,1436218,541285,541099,10318,6358,3960,1472195,13444,601024
06-04-2012,1077772,2641,306196,1386609,484980,484403,8536,4776,3760,1462085,13444,582437
13-04-2012,1102928,1390,312359,1416677,518058,516923,7213,3442,3771,1472265,13444,594303
20-04-2012,1108232,1559,336243,1446034,549392,547856,7467,3968,3499,1494868,13570,619263
27-04-2012,1106368,1735,341717,1449819,551468,551304,11560,7848,3712,1516488,13570,643266
04-05-2012,1115052,1790,306825,1423666,524702,524428,8360,4571,3789,1535756,13570,658722
11-05-2012,1126826,1580,339773,1468179,569466,569471,11987,7982,4005,1526549,13570,653393
18-05-2012,1127050,1423,324719,1453192,554877,554843,11287,7496,3791,1549045,13714,675731
25-05-2012,1122376,1591,333042,1457009,559786,559687,10774,6983,3791,1561337,13714,688602
01-06-2012,1119847,1501,317145,1438493,538958,539001,12262,6664,5597,1563397,13714,689838
08-06-2012,1131964,1513,340380,1473857,577026,576856,12516,6968,5547,1557489,13714,686887
15-06-2012,1135322,1467,332419,1469209,574875,574198,9098,3550,5547,1578487,13714,706965
22-06-2012,1128907,1419,337977,1468303,572033,571685,13031,7602,5429,1605883,13714,736358
29-06-2012,1117650,1899,343459,1463008,567561,567221,11338,7147,4190,1595768,13904,725562
06-07-2012,1120976,3989,309572,1434537,522510,521981,22480,17460,5019,1560618,13904,684975
13-07-2012,1123290,3902,337625,1464817,559404,559079,20507,15488,5019,1566179,13904,695177
20-07-2012,1113299,3951,363092,1480342,572241,571633,24427,19399,5028,1556275,13904,686505
27-07-2012,1102264,2576,341709,1446549,547147,546396,15812,11046,4767,1570083,14052,700546
03-08-2012,1104295,2634,334198,1441127,544517,544367,13113,8085,5028,1588916,14052,719471
10-08-2012,1114600,2562,342454,1459617,550007,549852,12828,7812,5017,1569659,14052,686930
17-08-2012,1118084,1707,348574,1468365,559339,560087,12093,7076,5017,1577472,14052,694591
24-08-2012,1118655,1987,329271,1449913,539926,539956,11356,6911,4445,1575966,14216,691552
31-08-2012,1103763,1682,349062,1454507,546459,545685,10934,6489,4445,1586046,14216,703148
07-09-2012,1110588,1472,335280,1447339,542601,542169,7610,3753,3857,1589608,14216,706696
14-09-2012,1112806,1545,367249,1481600,575489,573915,10415,6296,4120,1581711,14216,700232
21-09-2012,1109856,1666,336633,1448155,536204,535619,20211,16595,3616,1557544,14371,680176
28-09-2012,1095822,4852,361880,1462553,549710,549202,22253,18977,3275,1522292,14371,646073
05-10-2012,1098810,1832,285946,1386588,483277,482821,7110,4797,2313,1495297,14371,613468
12-10-2012,1106310,1456,314344,1422110,510918,509341,19724,17468,2256,1522730,14371,645633
19-10-2012,1109819,1602,350765,1462186,555194,554447,18779,16608,2171,1551155,14524,677466
26-10-2012,1117138,1512,330894,1449544,542343,541268,21005,18835,2171,1549335,14524,677664
02-11-2012,1113056,1735,314063,1428855,519926,519513,21267,18518,2749,1549144,14524,676006
09-11-2012,1135731,1495,308864,1446090,541863,540757,21462,17924,3538,1562638,14524,694397
16-11-2012,1160026,1345,317068,1478438,577798,575453,22016,17838,4178,1579454,14524,715355
23-11-2012,1146094,4114,323109,1473316,566628,565831,29447,23987,5460,1596624,14524,733907
30-11-2012,1140564,2375,298518,1441457,535840,535687,28427,22973,5454,1573644,14723,711176
07-12-2012,1149148,2800,322195,1474144,565146,564000,30064,25160,4904,1567846,14723,703635
14-12-2012,1151792,2488,342774,1497054,597243,595976,21459,17105,4355,1581492,14723,717863
21-12-2012,1148547,1622,320182,1470351,560440,559742,32502,28795,3707,1598903,14723,736217
28-12-2012,1142107,1500,314397,1458004,550467,549799,28267,24537,3730,1592982,14845,728557
04-01-2013,1142239,1453,302046,1445739,537630,537673,27568,23424,4144,1585225,14845,719531
11-01-2013,1155467,1402,315254,1472123,567815,567802,25956,21812,4144,1583813,14845,720307
18-01-2013,1161568,1438,316611,1479617,574272,574159,27986,24511,3475,1564741,14845,702227
25-01-2013,1158645,1500,329230,1489375,585123,585028,27856,24797,3060,1562675,14992,701272
01-02-2013,1154551,1569,338528,1494648,594307,594350,24353,22701,1653,1541411,14992,680416
08-02-2013,1169893,1527,301186,1472606,575938,575779,19758,17829,1928,1544833,14992,682915
15-02-2013,1177289,1424,304355,1483068,581371,580814,26683,24755,1928,1550422,14992,690400
22-02-2013,1178537,1508,313147,1493192,593080,592443,27427,25499,1928,1553376,15131,695822
01-03-2013,1166920,1630,314125,1482674,583555,582458,22825,20760,2065,1549041,15131,687879
08-03-2013,1181575,1446,293039,1476060,579571,579402,19768,17703,2065,1546669,15131,685078
15-03-2013,1187943,1501,328356,1517800,619413,618972,20140,17566,2574,1551068,15131,687952
22-03-2013,1187892,1508,299622,1489023,585421,585426,24566,21721,2844,1561379,15340,697683
29-03-2013,1192557,3628,362039,1558224,636746,636418,45066,42008,3058,1559706,15340,698634
31-03-2013,1190975,3240,320671,1514886,590578,590499,43412,40354,3058,1558059,15340,692502
05-04-2013,1198280,2973,268954,1470206,557819,556080,24955,22787,2168,1580669,15340,708577
12-04-2013,1220826,1869,322143,1544838,630014,629944,27981,25860,2121,1576727,15340,705224
19-04-2013,1225850,2065,327505,1555420,644005,644347,21603,19483,2121,1563195,15497,688881
26-04-2013,1226168,2040,329350,1557559,633419,632976,32183,30385,1798,1578919,15497,702460
03-05-2013,1229818,2102,306702,1538622,626768,626810,30076,28601,1475,1558067,15497,691786
10-05-2013,1243925,2033,312423,1558381,648532,648454,23484,21496,1988,1570592,15497,699724
17-05-2013,1245877,2007,333690,1581575,673962,673589,22096,20108,1988,1570447,15497,700428
24-05-2013,1237609,2048,308712,1548369,632040,632157,28729,26666,2063,1589887,15497,717785
31-05-2013,1228445,4357,307426,1540228,645613,645290,18830,16422,2408,1594954,15718,734886
07-06-2013,1238519,2669,304765,1545953,638009,637489,32302,30152,2150,1610953,15718,751030
14-06-2013,1241894,2062,339193,1583150,688299,685892,20934,18808,2126,1642527,15718,784328
21-06-2013,1232778,2035,316408,1551221,655187,654678,20667,18541,2126,1668963,15718,809313
28-06-2013,1217664,2399,346591,1566653,678459,677257,24413,22289,2124,1659183,15886,811287
05-07-2013,1220267,2074,299932,1522274,641730,641502,17948,16493,1455,1656107,15886,809397
12-07-2013,1227093,6419,324268,1557780,685712,685310,22711,21256,1455,1645084,15886,811613
19-07-2013,1218975,2697,310845,1532517,669648,669318,28509,25463,3047,1636551,15886,818077
26-07-2013,1206304,2184,332853,1541341,670096,669756,38135,34625,3510,1619709,16039,802638
02-08-2013,1201256,2417,342978,1546652,671681,671629,40406,36897,3510,1652538,16039,834013
09-08-2013,1216933,2391,340667,1559990,654906,653849,41796,38191,3605,1669232,16039,821983
16-08-2013,1223228,2254,343284,1568766,662448,661123,44706,40924,3782,1688315,16039,842742
23-08-2013,1213720,5430,337982,1557132,657706,657039,45655,41828,3827,1753772,16228,916229
30-08-2013,1203744,5486,345355,1554585,664544,664557,47389,43562,3827,1780679,16228,954255
06-09-2013,1212666,4521,349345,1566533,685638,685681,40419,36640,3780,1778926,16228,954679
13-09-2013,1222289,4443,375054,1601786,724230,724092,46741,42961,3780,1728343,16228,913757
20-09-2013,1215626,4128,339377,1559131,679813,678695,46167,42387,3780,1702263,16385,885496
27-09-2013,1202654,4602,345867,1553122,686822,686784,45081,41390,3691,1682907,16385,878073
04-10-2013,1207255,3785,330735,1541775,663710,662853,45212,41442,3771,1673411,16385,856943
11-10-2013,1230599,3699,330904,1565202,680614,679703,46615,42763,3852,1676544,16385,854956
18-10-2013,1242497,3730,333566,1579793,697167,695061,45715,41902,3813,1690840,16556,870486
25-10-2013,1233459,4211,336868,1574539,680416,679594,48488,44668,3820,1710831,16556,881753
01-11-2013,1252462,4363,354743,1611568,708809,708851,45401,41581,3820,1706160,16556,865357
08-11-2013,1276863,4595,336549,1618007,707511,707554,48221,44448,3773,1732414,16556,886695
15-11-2013,1280269,3987,333187,1617443,707688,708086,44785,40965,3820,1750157,16556,901743
22-11-2013,1270919,4162,332840,1607920,677675,677717,46637,42928,3709,1766505,16556,899453
29-11-2013,1261769,7943,346803,1616515,658386,658428,43170,39284,3887,1781822,16743,883607
06-12-2013,1272469,2401,338145,1613014,653048,653090,14140,11231,2910,1791716,16743,862634
13-12-2013,1278276,2274,362698,1643248,676152,675422,23872,18428,5444,1802917,16743,876436
20-12-2013,1274550,2458,332249,1609256,630101,629802,41462,35338,6124,1805439,16743,884489
27-12-2013,1268521,2487,342680,1613688,626493,625766,50268,42929,7339,1801541,16853,881468
03-01-2014,1259270,2311,331250,1592831,632648,631970,25788,18446,7342,1793971,16853,876429
10-01-2014,1276879,2365,339887,1619130,640091,638159,48960,41640,7320,1782518,16853,869292
17-01-2014,1287835,2133,338102,1628070,648779,648286,51778,43604,8174,1759437,16853,848776
24-01-2014,1279164,2434,342702,1624300,660143,659115,38140,30014,8126,1782190,17019,873192
31-01-2014,1271660,1199,338571,1611430,644273,644079,47764,38866,8898,1784269,17019,881895
07-02-2014,1287777,1304,334736,1623817,656940,656339,49179,40852,8327,1787857,17019,887178
14-02-2014,1296088,1215,334950,1632253,660056,659775,54712,45927,8785,1795641,17019,895175
21-02-2014,1291939,1508,331679,1625127,658951,658541,48577,40693,7884,1790197,17168,889767
28-02-2014,1288370,1428,349965,1639763,679626,679354,43925,36060,7865,1792789,17168,893745
07-03-2014,1299655,1461,341507,1642623,687062,687104,38957,31290,7666,1771609,17168,872173
14-03-2014,1307488,1729,389051,1698268,735039,734921,36102,28285,7817,1797261,17168,887302
21-03-2014,1307686,1757,336237,1645680,655988,654996,50329,41789,8540,1793608,17336,871580
28-03-2014,1300847,2387,402516,1705751,686388,684942,51193,42354,8839,1803399,17336,852565
31-03-2014,1301074,1965,429703,1732742,698708,697643,57489,48650,8839,1802525,17339,843319
04-04-2014,1306115,2177,346995,1655287,620193,617395,45925,37364,8561,1823422,17339,851592
11-04-2014,1330726,3098,345222,1679046,635522,633926,47905,39588,8317,1838499,17339,860219
18-04-2014,1345088,2344,347044,1694475,656875,655014,41033,32042,8990,1841607,17477,862517
25-04-2014,1342161,2316,352983,1697459,643745,641707,56470,47480,8990,1865490,17477,885723
02-05-2014,1349051,2016,351890,1702956,638657,638523,50675,41685,8990,1852370,17477,856223
09-05-2014,1371063,2261,343981,1717306,652410,651299,42074,34403,7671,1859349,17477,854003
16-05-2014,1378989,2619,344556,1726164,650286,649664,47332,39434,7898,1832363,17477,821293
23-05-2014,1371508,3904,344025,1719436,661875,661281,39884,31387,8497,1808207,17477,808006
30-05-2014,1365730,2119,355328,1723177,669949,669582,39748,31457,8291,1822444,17698,826662
06-06-2014,1378427,1441,351730,1731598,697496,696291,18019,12345,5674,1825385,17698,827000
13-06-2014,1383426,1604,364435,1749465,703810,703019,26960,19155,7805,1839171,17698,838173
20-06-2014,1374659,1362,347341,1723362,672419,670815,27728,19959,7770,1870548,17698,865032
27-06-2014,1359295,683,359239,1719217,664524,663986,31194,23083,8111,1870369,17889,864759
04-07-2014,1359961,7609,345154,1712724,663418,663316,17419,9089,8330,1875745,17889,861747
11-07-2014,1367434,7480,349196,1724109,568077,567340,120123,108942,11181,1889719,17889,871698
18-07-2014,1361311,7316,351306,1719933,560944,559960,120034,108803,11231,1898732,17889,877667
25-07-2014,1348840,8135,358309,1715284,528253,528031,133751,122252,11499,1910365,18056,875141
01-08-2014,1345525,7037,354009,1706570,539448,539490,117076,106366,10710,1925734,18056,893744
08-08-2014,1355436,6351,347297,1709084,554856,554278,108231,97896,10335,1939984,18056,912043
15-08-2014,1361340,6435,356740,1724515,506052,505286,120236,109865,10372,1927507,18056,847335
22-08-2014,1350287,6530,349751,1706568,516549,515557,92088,80973,11115,1906588,18265,826922
29-08-2014,1338929,6904,381085,1726918,535620,535122,94890,82982,11908,1908027,18265,829884
05-09-2014,1347925,6892,353590,1708407,588133,586505,20773,14907,5866,1899858,18265,818622
12-09-2014,1352496,7458,356313,1716268,565706,565243,53423,47263,6161,1900473,18265,821600
19-09-2014,1344005,7103,357604,1708711,522727,522207,86031,77493,8538,1901884,18417,820349
26-09-2014,1334491,7398,359349,1701238,539154,538445,65451,55036,10415,1912965,18417,834749
03-10-2014,1339719,8317,368302,1716338,605234,604934,11082,1286,9796,1903070,18417,821466
10-10-2014,1361606,7357,353985,1722947,578053,575968,41547,33346,8201,1895956,18417,811026
17-10-2014,1364641,7370,355502,1727513,559264,557775,67683,59968,7715,1913293,18417,831144
24-10-2014,1383670,7204,392514,1783389,565768,565144,115682,106963,8719,1906670,18417,823149
31-10-2014,1367176,8066,361793,1737035,565986,565286,53515,45836,7679,1921480,18612,822558
07-11-2014,1379007,8329,359086,1746422,599106,597410,29208,25069,4139,1919924,18612,820429
14-11-2014,1383006,8011,358388,1749405,583620,581929,50251,45275,4976,1925797,18612,828875
21-11-2014,1375975,8659,360602,1745236,567537,565714,62308,57292,5016,1926960,18612,830180
28-11-2014,1369482,8727,371493,1749703,556815,555759,66769,62555,4214,1938994,18740,831615
05-12-2014,1384121,8153,371860,1764134,584280,580404,53586,49669,3918,1926817,18740,819290
12-12-2014,1394386,8242,369163,1771791,565855,563964,68811,64040,4771,1957532,18740,839148
19-12-2014,1392029,8679,366264,1766972,506976,505611,94746,89935,4811,1995152,18740,848642
26-12-2014,1389885,8138,367957,1765979,507270,506377,92277,86531,5746,2008882,18883,861332
02-01-2015,1378046,8280,362032,1748359,523285,523328,55656,49600,6056,1999035,18883,848501
09-01-2015,1399950,8560,363920,1772430,513163,511335,85170,79114,6056,1976717,18883,821503
16-01-2015,1412389,8205,366060,1786654,495816,493186,91592,85751,5841,1984750,18883,804388
23-01-2015,1410326,8349,370957,1789631,459430,456542,113105,107224,5880,1973648,19081,775632
30-01-2015,1405303,8487,364754,1778543,456746,456052,71848,65889,5958,2016720,19081,785851
06-02-2015,1421512,8345,385621,1815479,476537,475312,85146,79557,5589,2028191,19081,793476
13-02-2015,1432731,8405,371205,1812341,434282,431905,113291,107287,6004,2053718,19081,808030
20-02-2015,1433304,8043,365688,1807035,463259,461883,75094,69039,6055,2063550,19256,814125
27-02-2015,1425668,8577,382058,1816303,436892,436373,78126,72177,5949,2074385,19256,792357
06-03-2015,1442541,9106,389483,1841130,482653,481068,42207,36924,5283,2084852,19256,787838
13-03-2015,1452753,8718,383072,1844543,424712,424458,101549,95700,5850,2086010,19256,786986
20-03-2015,1448335,8965,395900,1853200,364002,362977,157785,152320,5465,2109218,19428,797233
27-03-2015,1445923,9621,380953,1836496,382095,378475,113845,101817,12028,2124422,19428,803294
31-03-2015,1448312,14590,465561,1928463,364523,361038,202504,187658,14847,2127279,19429,785273
03-04-2015,1448782,14804,394021,1857607,403802,403818,101236,86390,14847,2135624,19429,802484
10-04-2015,1476113,9557,375072,1860743,446817,444507,63607,56861,6746,2113154,19429,782265
17-04-2015,1494152,9223,383142,1886517,454923,454490,82277,75902,6375,2129681,19549,799913
24-04-2015,1492300,9782,396585,1898666,436263,434573,111601,105088,6513,2169858,19549,838605
01-05-2015,1493824,12028,422673,1928525,429827,429517,114133,108074,6058,2225399,19549,860382
08-05-2015,1515910,10903,377403,1904216,416445,415564,104614,99268,5346,2241467,19549,877858
15-05-2015,1524831,9785,383682,1918298,419657,418332,120391,114192,6198,2238022,19549,879320
22-05-2015,1520029,9851,384655,1914535,411824,411188,118925,112754,6171,2223249,19549,859012
29-05-2015,1511690,11284,394111,1917085,423557,423250,95759,89334,6425,2235139,19796,857166
05-06-2015,1521687,9917,378277,1909881,468067,467441,46170,41133,5037,2240931,19796,865084
12-06-2015,1526403,10393,385057,1921853,476521,475431,51973,45516,6458,2255109,19796,881547
19-06-2015,1516273,11586,391359,1919218,461225,457689,65970,60321,5650,2255936,19796,883709
26-06-2015,1497430,9048,388372,1894851,444354,443521,52170,45843,6328,2247871,19996,869541
03-07-2015,1490373,10678,383569,1884620,527552,526083,50089,54800,4710,2237096,19996,849935
10-07-2015,1502092,11061,386435,1899588,500244,497365,6764,11143,4378,2235486,19996,849374
17-07-2015,1502358,10739,385805,1898902,492721,490277,383,5129,5512,2232650,19996,846848
24-07-2015,1487834,20068,392849,1900751,485378,482478,8279,3664,4615,2246914,20240,860060
31-07-2015,1475257,16316,389438,1881011,500916,499020,22834,28195,5361,2249658,20240,866969
07-08-2015,1488428,15192,392123,1895743,548860,546916,27554,32596,5042,2242998,20240,888801
14-08-2015,1494426,14986,384326,1893738,477339,475049,24159,29256,5097,2290386,20240,870067
21-08-2015,1486786,15131,392585,1894502,471339,469281,15793,21303,5510,2318173,20452,899669
28-08-2015,1478519,15280,391430,1885229,469453,467222,13950,20023,6073,2303302,20452,894028
04-09-2015,1489868,15527,391098,1896493,563440,561161,97281,102106,4825,2305527,20452,895645
11-09-2015,1499122,15512,384451,1899085,515105,513416,47443,53313,5870,2320499,20452,909528
18-09-2015,1499871,15508,403946,1919325,420204,415950,66893,60346,6547,2310318,20649,898739
25-09-2015,1492257,15572,398098,1905927,430496,427771,46161,39613,6548,2302440,20649,893819
02-10-2015,1477692,16233,410796,1904721,492036,491320,10509,17062,6553,2290217,20649,887672
09-10-2015,1502187,14581,393156,1909924,454960,450306,29258,23076,6182,2281114,20649,876057
16-10-2015,1511137,14682,401990,1927809,461820,459997,41655,35315,6340,2289772,20649,886087
23-10-2015,1527924,14638,394379,1936941,446987,444843,66621,60362,6259,2274418,20649,871734
30-10-2015,1516069,15363,399921,1931353,441406,438016,55208,48468,6740,2295994,20918,882173
06-11-2015,1541846,14834,400584,1957264,487170,484819,33968,27274,6694,2300219,20918,885011
13-11-2015,1582141,14918,395072,1992131,448450,447437,109242,102438,6804,2316110,20918,902589
20-11-2015,1566227,14905,403157,1984289,454098,452750,97120,90309,6811,2313814,20918,901661
27-11-2015,1554717,15216,411516,1981449,449805,449591,99165,92077,7088,2329079,21142,917742
04-12-2015,1559972,15105,401491,1976568,499338,498235,41160,35704,5456,2337690,21142,922762
11-12-2015,1572492,14792,400628,1987912,470462,470017,81177,74551,6626,2338763,21142,923632
18-12-2015,1569346,14870,406082,1990298,382873,380868,169909,163453,6456,2318435,21142,902061
25-12-2015,1569898,14344,433990,2018232,393214,392034,186324,179868,6456,2317779,21306,900391
01-01-2016,1554402,15183,405640,1975225,437940,437974,99552,92615,6937,2305117,21306,888690
08-01-2016,1577756,14569,400115,1992440,429410,427772,125768,118720,7048,2310630,21306,894674
15-01-2016,1590537,12450,404197,2007184,427755,427335,144689,137641,7048,2322301,21306,908867
22-01-2016,1587134,12660,405559,2005353,408665,408221,162577,155613,6964,2334361,21514,921764
29-01-2016,1584178,13349,408052,2005579,414032,413837,156811,149847,6964,2349023,21514,935801
05-02-2016,1602124,12650,414684,2029458,485748,484926,113571,107098,6473,2359829,21514,951204
12-02-2016,1621145,12492,404490,2038127,428147,425912,173242,165083,8159,2395276,21514,980052
19-02-2016,1624114,27129,412486,2063729,444477,442034,188632,180609,8023,2386587,21720,977687
26-02-2016,1620981,12747,411319,2045047,448773,447276,174341,166275,8066,2370786,21720,970573
04-03-2016,1635251,12873,415873,2063997,524637,524619,119455,111607,7848,2353989,21720,955804
11-03-2016,1654822,12723,410356,2077901,490297,489964,165752,157424,8328,2360622,21720,960490
18-03-2016,1659842,13518,412862,2086222,429903,429037,224561,215867,8694,2362672,21905,952819
25-03-2016,1673149,12839,416931,2102919,431992,430999,230001,213108,16893,2368131,21905,949110
31-03-2016,1663463,15451,501826,2180740,424995,424562,304537,284454,20083,2383476,21905,954173
01-04-2016,1663463,15084,502561,2181108,425334,425288,304537,284454,20083,2380710,21905,951378
08-04-2016,1694010,14777,412101,2120888,557275,556301,108039,96423,11616,2386068,21905,952399
15-04-2016,1717409,13893,416189,2147491,627343,624814,65406,57071,8335,2387042,21905,954205
22-04-2016,1724300,13575,431514,2169389,612326,609973,99492,91041,8451,2398010,21905,962344
29-04-2016,1720116,13312,424484,2157912,616850,615052,81744,73475,8269,2408779,22137,971598
06-05-2016,1737836,13138,419754,2170728,635230,633771,74540,66086,8454,2403896,22137,965075
13-05-2016,1749745,13197,418554,2181496,615224,612616,107622,99491,8131,2403142,22137,966629
20-05-2016,1745071,13071,429073,2187215,616665,615654,114564,106873,7691,2422805,22137,988956
27-05-2016,1733456,13303,409720,2156478,630133,629619,76604,69023,7581,2407099,22376,979733
03-06-2016,1736232,13446,417381,2167058,698023,697386,7037,307,6730,2436186,22376,996563
10-06-2016,1748650,13357,412038,2174045,694653,692076,17180,9490,7690,2415750,22376,975914
17-06-2016,1745219,13286,418100,2176605,640801,640396,73209,65454,7755,2432244,22376,992025
24-06-2016,1733108,13254,420029,2166391,660458,659441,45162,37636,7526,2438669,22605,1000503
01-07-2016,1730311,14728,433748,2178787,697034,697045,6964,43,7007,2437508,22605,985324
08-07-2016,1753543,13464,414745,2181752,706180,703710,977,5353,6330,2429813,22605,977823
15-07-2016,1751440,13725,424485,2189650,712932,711715,797,6375,7172,2426843,22605,973527
22-07-2016,1736364,13592,413072,2163029,699623,698368,12270,19856,7586,2424700,22792,971817
29-07-2016,1723908,14486,429101,2167496,703174,701986,18387,25946,7559,2440225,22792,980309
05-08-2016,1733421,13952,427320,2174694,756904,755770,53869,60735,6866,2433684,22792,984818
12-08-2016,1745902,13987,417503,2177393,645518,642559,6367,13751,7384,2434560,22792,919111
19-08-2016,1744920,13998,415484,2174403,693134,690458,56399,63491,7092,2446770,22971,932074
26-08-2016,1732493,14474,423455,2170423,668488,667016,37104,44184,7080,2447354,22971,931287
02-09-2016,1728559,14521,443271,2186352,738544,736967,93898,100775,6877,2447893,22971,929159
09-09-2016,1756070,14239,415189,2185498,724175,718828,102545,110158,7613,2462214,22971,921317
16-09-2016,1760569,14401,419505,2194475,608461,606454,23694,15981,7713,2461863,22971,922514
23-09-2016,1740107,14435,429017,2183559,624302,622324,4914,11590,6676,2462865,22971,921665
30-09-2016,1727878,18601,439858,2186337,699649,696482,78809,85495,6686,2470916,23273,928692
07-10-2016,1756451,18173,421703,2196327,693442,687862,49721,56630,6909,2447208,23273,917875
14-10-2016,1774709,18070,429862,2222641,654694,651023,16056,8628,7428,2439484,23273,910866
21-10-2016,1759043,15220,438025,2212288,608801,606388,42814,35530,7284,2447955,23273,910555
28-10-2016,1777535,15962,446322,2239819,647265,645504,28952,21585,7367,2448713,23513,908624
04-11-2016,1797700,20553,436560,2254813,715855,711592,22601,30298,7697,2452187,23513,914141
11-11-2016,1787964,20291,441072,2249327,646781,644679,42488,34510,7978,2455891,23513,919346
18-11-2016,1427226,20964,433349,1881539,637038,633971,318942,325377,6435,2482795,23513,942865
25-11-2016,1188418,15080,445543,1649041,609263,607884,515951,521118,5167,2495848,24181,964300
02-12-2016,1054963,15273,917197,1987433,650363,650405,194927,200721,5794,2487820,24181,980004
09-12-2016,981856,15417,841946,1839219,474391,472437,162517,168941,6424,2452555,24181,949391
16-12-2016,959136,15414,462829,1437379,60548,56957,144679,150588,5909,2445980,24181,948651
23-12-2016,943209,15260,462267,1420736,3662,11,104312,109749,5437,2443722,24615,946951
30-12-2016,938378,16215,480976,1435569,52317,50830,140961,146855,5894,2450141,24615,950543
06-01-2017,898017,15546,461868,1375431,19159,16553,179475,184412,4937,2441089,24615,929957
13-01-2017,950803,16472,469635,1436910,25186,23057,122265,128082,5817,2455206,24615,945832
20-01-2017,987678,15528,462976,1466182,139083,137197,206132,211069,4937,2456687,24809,948265
27-01-2017,1016914,15339,465113,1497366,210254,208434,247135,251902,4767,2465948,24809,956510
03-02-2017,1049319,15594,469562,1534475,382869,381010,383906,388843,4937,2448350,24809,937647
10-02-2017,1097459,15699,465323,1578481,430837,428594,390430,395567,5137,2430747,24809,917482
17-02-2017,1131737,15632,458979,1606348,492171,491304,425584,430351,4767,2434114,24946,919299
24-02-2017,1164480,15774,466144,1646396,545688,544069,440739,445353,4614,2427312,24946,910811
03-03-2017,1198743,18190,462902,1679835,634097,633522,517344,521132,3788,2433299,24946,895163
10-03-2017,1246150,16060,484136,1746346,652092,650074,472203,475991,3788,2428923,24946,887412
17-03-2017,1280602,15994,456370,1752966,595974,590806,415472,420151,4679,2404619,24946,857101
24-03-2017,1313072,17240,454540,1784852,628482,625843,419952,425157,5205,2409222,24946,857846
31-03-2017,1335266,21091,544127,1900485,620811,619591,309277,316568,7291,2397210,25085,833345
07-04-2017,1361656,17937,447295,1826889,694825,693956,459465,465430,5965,2375564,25085,809121
14-04-2017,1389703,21276,461633,1872613,709723,709215,428706,434131,5425,2378604,25085,812094
21-04-2017,1417479,17611,474515,1909606,753610,752643,437213,442477,5264,2395445,25085,827322
28-04-2017,1432114,17664,479359,1929136,719632,718849,386044,391416,5372,2393274,25162,822887
05-05-2017,1455597,17789,474023,1947409,725528,725508,392788,398186,5398,2414797,25162,825290
12-05-2017,1474337,17753,462648,1954738,665180,664699,323795,329443,5648,2411873,25162,823682
19-05-2017,1482003,18260,482450,1982713,687411,685814,329738,336843,7105,2462137,25162,862259
26-05-2017,1488000,17775,463821,1969596,686700,685727,340772,347413,6641,2444448,25243,846023
02-06-2017,1495175,18500,468862,1982537,743619,743446,393722,400787,7065,2454424,25243,847027
09-06-2017,1518157,17960,473123,2009240,683593,680125,308340,315335,6995,2448531,25243,839787
16-06-2017,1528852,21727,470117,2020696,652201,650740,265663,272753,7090,2465540,25243,856625
23-06-2017,1532757,20176,459930,2012863,667269,666096,294189,301114,6925,2467413,25314,852944
30-06-2017,1531633,21062,504150,2056845,666513,664138,255374,262987,7613,2500228,25314,879836
07-07-2017,1542820,18130,459618,2020568,717885,713238,344775,351023,6248,2499065,25314,876921
14-07-2017,1547992,17930,470023,2035945,675310,673716,292483,299416,6933,2506140,25314,878336
21-07-2017,1547981,17962,461221,2027164,646265,645412,279042,285915,6873,2515672,25314,881045
28-07-2017,1541158,18122,473876,2033154,626929,625211,256898,263910,7012,2519747,25378,882001
04-08-2017,1551257,19212,470420,2040888,700073,696783,330371,337794,7423,2506388,25378,860579
11-08-2017,1569972,18136,461647,2049754,619896,619211,273913,281286,7373,2524557,25378,846163
18-08-2017,1571140,20484,471992,2063615,644829,640506,285057,292590,7533,2520820,25378,842354
25-08-2017,1565470,18297,484871,2068638,571632,571341,209696,217424,7728,2526775,25420,845493
01-09-2017,1565053,18935,461078,2045066,642086,640684,317581,324969,7388,2546203,25420,851062
08-09-2017,1581090,18570,463837,2063497,615790,609405,276586,283614,7028,2558421,25420,859548
15-09-2017,1583512,18570,493234,2095316,559447,559077,195963,203528,7565,2577881,25420,871469
22-09-2017,1580920,19353,475949,2076222,494606,492995,150245,157555,7310,2609661,25420,903220
29-09-2017,1588732,25687,484476,2098895,542893,541299,171775,179211,7436,2607832,25481,905536
06-10-2017,1600360,25542,482537,2108439,584623,581305,207393,214426,7033,2600262,25481,894534
13-10-2017,1618325,22491,465675,2106491,542556,538013,166456,173724,7268,2598762,25481,893852
20-10-2017,1646492,22988,499069,2168549,515034,515451,79879,86582,6703,2601438,25481,893525
27-10-2017,1634731,22483,467747,2124961,492281,492071,99573,107757,8184,2595041,25537,888325
03-11-2017,1638542,22757,492654,2153953,528048,527172,114643,122457,7814,2574254,25537,859243
10-11-2017,1653628,22650,467873,2144151,499676,495527,92025,99819,7794,2594328,25537,883365
17-11-2017,1658821,22702,495879,2177402,498191,497111,54992,63146,8154,2589471,25537,880805
24-11-2017,1660018,22923,468055,2150997,447414,444553,29672,37731,8059,2593025,25567,885338
01-12-2017,1662435,24142,498355,2184933,516533,517013,78204,86418,8214,2588690,25567,867654
08-12-2017,1682594,23233,466905,2172732,528704,525255,101537,109237,7700,2583230,25567,863232
15-12-2017,1691879,22737,518706,2233322,505175,505134,18065,26598,8533,2572372,25567,851727
22-12-2017,1697364,22892,479059,2199315,386839,384797,48113,39419,8694,2594557,25598,855792
29-12-2017,1693267,24522,519799,2237588,427597,423497,24983,15856,9127,2618553,25598,859143
05-01-2018,1704908,23503,479906,2208317,504874,500117,96427,104515,8088,2607537,25598,833265
12-01-2018,1725878,23469,480122,2229469,468049,462862,47467,55720,8253,2630217,25598,846928
19-01-2018,1733284,25986,483955,2243225,460158,457810,25498,32450,6952,2643765,25621,860821
26-01-2018,1738583,22886,488789,2250258,418033,414895,17127,9660,7467,2654101,25621,864624
02-02-2018,1739588,21059,474340,2234987,440740,435638,52652,59999,7347,2702256,25621,880978
09-02-2018,1766363,20676,476760,2263799,430180,425977,14254,21281,7027,2700077,25621,877825
16-02-2018,1777740,20095,482217,2280052,416710,415752,15281,7343,7938,2694288,25638,871865
23-02-2018,1782299,21017,490528,2293844,402219,401645,44227,36381,7846,2723394,25638,901634
02-03-2018,1790067,20831,496338,2307236,446030,445953,1354,10139,8785,2743611,25638,906689
09-03-2018,1813592,20879,480264,2314735,448087,442067,5203,3530,8733,2742432,25638,906625
16-03-2018,1822912,20978,488588,2332478,449303,447124,19672,10484,9188,2733264,25638,895399
23-03-2018,1827741,20962,491156,2339859,422719,420303,55064,44554,10510,2751360,25638,914922
30-03-2018,1830072,26604,563629,2420304,465547,465459,67627,53602,14025,2759677,25652,898198
31-03-2018,1829348,23907,565525,2418779,475964,474286,63373,49348,14025,2760781,25652,906990
06-04-2018,1842565,21774,486797,2351136,535279,530072,63827,76192,12365,2760680,25642,906638
13-04-2018,1873251,22746,486097,2382093,618233,617491,115404,124206,8802,2777961,25653,924349
20-04-2018,1889607,21536,517563,2428706,577099,577141,20401,29893,9492,2793448,25665,947105
27-04-2018,1903648,22011,524476,2450135,600134,600176,15392,24639,9247,2802633,25677,962917
04-05-2018,1914933,22040,504407,2441380,603975,603647,37884,47405,9521,2796430,25681,946822
11-05-2018,1932618,21862,489693,2444173,604981,602440,25188,34692,9504,2806659,25689,967968
18-05-2018,1935541,21951,524895,2482387,611003,606900,19615,10082,9533,2817802,25696,991729
25-05-2018,1930757,26865,503347,2460968,623400,622133,3796,13244,9448,2814438,25701,998774
01-06-2018,1931909,25858,512979,2470746,675129,674814,41053,50477,9424,2770035,25703,959068
08-06-2018,1948193,23251,486239,2457683,689955,686214,68150,77088,8938,2789137,25705,978964
15-06-2018,1961118,22419,508946,2492482,668444,663168,2739,12064,9325,2786139,25712,985073
22-06-2018,1957392,22516,517698,2497605,618839,618841,71900,62361,9539,2759729,25714,978576
29-06-2018,1943130,23304,525202,2491636,659531,658930,37332,27745,9587,2778674,25703,1009604
06-07-2018,1939091,24410,513008,2476508,726834,723754,31978,41337,9359,2790854,25703,1034904
13-07-2018,1946187,22981,505557,2474725,683434,678777,11989,2307,9682,2768100,25701,1014499
20-07-2018,1936634,23001,516931,2476567,662484,662526,35387,25831,9556,2785182,25701,1032188
27-07-2018,1922499,23189,506555,2452243,633571,633442,44585,34953,9632,2773239,25696,1024848
03-08-2018,1921996,23364,511539,2456900,729975,728231,43388,52999,9611,2766515,25696,1021899
10-08-2018,1936170,22953,505899,2465022,668910,667126,15075,24657,9582,2760104,25697,974614
17-08-2018,1942826,23031,497691,2463548,668686,663178,12770,22252,9482,2808060,25697,1026125
24-08-2018,1938748,23898,518877,2481523,646331,646088,32978,23316,9662,2807645,25697,1031128
31-08-2018,1927634,24670,508658,2460962,683456,683053,21230,30767,9537,2833717,25697,1060678
07-09-2018,1940252,24349,492456,2457057,688234,687165,28848,37506,8658,2864782,25697,1092808
14-09-2018,1948548,28417,516983,2493948,665337,660181,30392,21273,9119,2870124,25697,1097602
21-09-2018,1943668,25434,520178,2489280,551749,551792,141390,132271,9119,2880817,25697,1110373
28-09-2018,1925244,25580,539410,2490234,646994,646792,45819,36691,9128,2898819,25697,1127095
05-10-2018,1936342,25305,516354,2478001,717934,711539,35739,44396,8657,2934077,25697,1163968
12-10-2018,1956682,24230,507508,2488420,707464,700627,26660,17755,8905,2904215,25697,1175616
19-10-2018,1968762,24177,543538,2536477,665218,658214,120972,111762,9210,2883989,25697,1159399
26-10-2018,1961263,24578,508016,2493857,651066,649327,95079,85849,9230,2871271,25697,1149256
02-11-2018,1972912,24705,528424,2526041,724372,721295,62982,53827,9155,2862474,25697,1149484
09-11-2018,2022332,24734,513835,2560901,731189,726990,93279,83960,9319,2857232,25697,1146496
16-11-2018,2015385,24991,520243,2560619,754971,749282,72399,63080,9319,2826241,25697,1118689
23-11-2018,2010705,25763,510355,2546823,712721,712763,100856,91538,9318,2797517,25697,1089968
30-11-2018,1995899,25659,535315,2556873,785769,785093,47945,38967,8978,2738645,25786,1041272
07-12-2018,2013974,25378,508272,2547624,781216,774259,43172,34338,8834,2772546,25786,1075096
14-12-2018,2023895,27827,577603,2629325,793792,786783,112152,103621,8531,2811755,25786,1114160
21-12-2018,2029969,25073,515563,2570605,683006,682481,161755,152474,9281,2750402,25786,1050344
28-12-2018,2025039,25609,567369,2618017,738285,737566,157319,147998,9321,2749018,25798,1052403
04-01-2019,2028818,25786,516253,2570857,877734,873948,25066,32876,7810,2763807,25798,1071416
11-01-2019,2054298,25730,524932,2604960,871431,864112,15944,7517,8427,2795363,25798,1103576
18-01-2019,2065058,25850,535479,2626387,864060,858459,48397,40119,8278,2815725,25798,1127593
25-01-2019,2061780,25859,527138,2614777,851058,850181,48970,40792,8178,2825010,25823,1136084
01-02-2019,2061400,26537,533237,2621174,898829,894282,2,8280,8278,2846051,25823,1149527
08-02-2019,2093910,26276,521389,2641575,843252,837806,83491,75223,8268,2835507,25823,1146498
15-02-2019,2105715,26202,526238,2658155,873047,868997,70947,62879,8068,2835016,25823,1146678
22-02-2019,2107423,26300,538104,2671827,828034,827529,128461,120577,7884,2840399,25841,1150908
01-03-2019,2106053,27608,531841,2665502,914062,912688,26715,18846,7869,2845742,25841,1146858
08-03-2019,2131841,27199,517896,2676936,910945,905812,32670,24469,8201,2813137,25841,1105657
15-03-2019,2141533,27763,595168,2764464,921326,919675,91938,83130,8808,2807254,25841,1081895
22-03-2019,2147963,26973,525506,2700442,879213,878730,66979,57358,9621,2790846,25841,1062437
29-03-2019,2139605,40434,605434,2785473,845742,845775,117857,102480,15377,2846636,25841,1050603
31-03-2019,2136770,31742,601969,2770481,801951,800473,152851,137488,15363,2848587,25887,1058795
05-04-2019,2148229,28524,543718,2720471,870264,862924,30841,16395,14446,2854480,25887,1061001
12-04-2019,2174596,27840,540723,2743160,882944,876952,41716,32651,9065,2864528,25887,1071916
19-04-2019,2188064,28169,577014,2793248,868426,863431,106025,96959,9066,2864532,25887,1071623
26-04-2019,2179980,27660,560462,2768103,842809,842785,71674,62993,8681,2921080,25910,1093371
03-05-2019,2187232,28616,572173,2788022,881484,878708,49175,40050,9125,2890990,25910,1059538
10-05-2019,2203727,28743,542121,2774592,886501,883237,23733,14558,9175,2924833,25910,1086386
17-05-2019,2209754,29039,577763,2816557,901650,896301,54743,45646,9097,2921650,25910,1087397
24-05-2019,2204521,28452,534365,2767339,879209,878725,19054,9809,9245,2914296,25910,1071131
31-05-2019,2197324,29699,573081,2800105,944000,942720,36,9021,8985,2935114,25954,1104928
07-06-2019,2219596,29647,545907,2795151,1005996,1000637,65581,74379,8798,2926676,25954,1097895
14-06-2019,2219853,29234,580696,2829784,1023773,1014539,47454,56076,8622,2927743,25954,1100233
21-06-2019,2205926,29683,539382,2774992,919696,919575,14487,22930,8443,2959806,25954,1115978
28-06-2019,2189484,29590,609537,2828612,992751,991132,38349,47104,8755,2939668,25954,1091413
05-07-2019,2197609,36633,546649,2780891,1062946,1057423,150781,158276,7495,2934507,25984,1091765
12-07-2019,2205020,35788,546675,2787483,1071685,1064734,151587,159638,8051,2935313,25984,1093912
19-07-2019,2187510,36009,570316,2793835,1054649,1051551,128465,136416,7951,2949795,25984,1108128
26-07-2019,2175537,30015,562936,2768488,1023783,1022930,124047,131846,7799,2951066,25984,1108298
02-08-2019,2170944,30469,555627,2757039,1118383,1115595,212935,220744,7809,2970775,26001,1145184
09-08-2019,2194302,30548,547573,2772422,1089146,1085236,158367,166172,7805,3032149,26001,1216506
16-08-2019,2198900,30520,568915,2798334,1089465,1087908,127456,135261,7805,3047788,26001,1237463
23-08-2019,2188501,30838,556860,2776198,1044878,1044617,101892,109748,7856,3065400,26001,1258188
30-08-2019,2176383,30982,575794,2783158,934922,934358,122561,130158,7597,3050903,26001,1106106
06-09-2019,2191612,30909,565024,2787545,976074,975695,160983,168528,7545,3062666,26024,1116236
13-09-2019,2202768,30564,557330,2790662,961164,959745,143224,150861,7637,3031930,26024,1085232
20-09-2019,2184855,31666,587789,2804310,862140,862118,30409,38454,8045,3033587,26024,1087032
27-09-2019,2186148,31981,570065,2788194,936889,936472,156820,164923,8103,3048039,26024,1065938
04-10-2019,2205847,34949,592354,2833150,1046981,1039137,244352,252282,7930,3093900,26045,1089424
11-10-2019,2226618,32847,566023,2825488,998186,993049,213910,221522,7612,3111005,26045,1095838
18-10-2019,2226264,31652,602990,2860906,975782,967596,160395,168075,7680,3125464,26045,1105990
25-10-2019,2257135,31212,587853,2876200,966959,966332,149274,156954,7680,3126960,26045,1094490
01-11-2019,2257789,31774,578304,2867866,1061602,1057618,263815,271081,7266,3149078,26123,1105121
08-11-2019,2271742,31872,564056,2867669,1010459,1002078,238983,246333,7350,3175642,26123,1105571
15-11-2019,2269253,31382,575770,2876404,1030442,1022854,250427,257808,7381,3208493,26123,1138226
22-11-2019,2267385,32312,555408,2855104,965438,964882,206590,213734,7144,3207225,26123,1137091
29-11-2019,2256875,35526,581895,2874296,1001249,1000030,240478,247355,6877,3222285,26178,1134938
06-12-2019,2275103,32359,578361,2885823,1064368,1055339,294469,301363,6894,3222663,26178,1132917
13-12-2019,2284891,31776,568922,2885589,1044279,1033712,275779,282176,6397,3207160,26178,1116249
20-12-2019,2272066,33979,603702,2909747,979921,978707,196095,202797,6702,3222839,26178,1123096
27-12-2019,2270344,32669,581929,2884942,989412,987342,239481,245924,6443,3252164,26238,1143391
03-01-2020,2268909,33663,583847,2886419,1135209,1129947,405062,411335,6273,3298419,26238,1168385
10-01-2020,2297761,33000,580497,2911258,1068159,1060612,315583,321794,6211,3259844,26238,1127400
17-01-2020,2304652,33194,588344,2926190,1070018,1062561,303718,309954,6236,3271573,26238,1137921
24-01-2020,2307200,33956,581959,2923115,1009271,1006079,278112,284126,6014,3315932,26238,1150214
31-01-2020,2310975,33856,592254,2937085,1057037,1055869,338920,345300,6380,3351074,26280,1158386
07-02-2020,2337525,33447,573077,2944049,1015557,1005672,313262,319642,6380,3369143,26280,1153669
14-02-2020,2346696,33427,597724,2977847,997547,989188,289581,293691,4110,3396371,26280,1152770
21-02-2020,2357702,33439,586330,2977471,934452,933267,228596,233023,4427,3408531,26280,1163196
28-02-2020,2348239,34558,591504,2974301,990539,987699,300843,304622,3779,3473169,26315,1214879
06-03-2020,2374163,36767,612053,3022983,1037411,1030214,284481,288260,3779,3587214,26315,1343476
13-03-2020,2399983,36175,592829,3028987,1023925,1017813,264881,268611,3730,3552965,26315,1309337
20-03-2020,2409593,37424,633339,3080356,996015,993718,164643,168992,4349,3518215,26315,1295546
27-03-2020,2439308,38177,579875,3057360,1094134,1092210,264351,275964,11613,3545933,26315,1344671
31-03-2020,2447279,38507,543888,3029674,992192,989741,200893,214059,13166,3590402,26315,1378342
03-04-2020,2457025,38043,477843,2972911,1088018,1085232,344726,357239,12513,3602983,26315,1399679
10-04-2020,2486897,39426,435745,2962068,1171048,1170729,437806,445418,7612,3630737,26315,1428226
17-04-2020,2506266,38892,470869,3016027,1211995,1211209,426925,433991,7066,3658405,26315,1453763
24-04-2020,2522926,39570,457178,3019674,1214517,1213497,426396,432522,6126,3661602,26315,1456364
01-05-2020,2535134,44722,486339,3066194,1314023,1310242,465023,471497,6474,3605611,26315,1414731
08-05-2020,2569559,38273,457590,3065421,1313672,1308132,492475,500294,7819,3652410,26315,1434500
15-05-2020,2588918,38905,467495,3095317,1307797,1302024,468321,471657,3336,3665026,26315,1435499
22-05-2020,2611076,41528,468214,3120817,1266000,1259291,412016,417696,5680,3700162,26315,1459643
29-05-2020,2616468,46136,468973,3131576,1179922,1172777,322288,329604,7316,3708976,26315,1461348
05-06-2020,2639322,46943,478833,3165097,1183545,1174782,329644,336440,6796,3770918,26315,1486036
12-06-2020,2658733,39199,456516,3154447,1163168,1156695,351494,359443,7949,3824565,26315,1508106
19-06-2020,2660533,38716,484463,3183711,1123896,1119275,282212,289399,7187,3830714,26315,1515001
26-06-2020,2660382,39296,463901,3163578,1134432,1131059,313127,322330,9203,3811722,26315,1495763
03-07-2020,2665329,40178,474279,3179786,1181017,1174056,385766,397614,11848,3813341,26315,1455121
10-07-2020,2677781,39728,457976,3175485,1123835,1113525,345325,357173,11848,3869284,26315,1498624
17-07-2020,2675760,39276,467884,3182919,1077033,1066981,296169,307996,11827,3869002,26315,1493261
24-07-2020,2670987,39207,465767,3175960,1016187,1010579,254380,265960,11580,3896503,26315,1508664
31-07-2020,2672446,39707,469087,3181239,1078662,1073847,359983,371571,11588,3983510,26315,1547264
07-08-2020,2686070,39755,461436,3187260,1075013,1065083,360149,371737,11588,4017184,26315,1571102
14-08-2020,2691706,39543,470719,3201967,979844,969138,310131,321744,11613,3993710,26315,1487770
21-08-2020,2688322,39769,464794,3192884,994754,988987,346453,358066,11613,4007883,26315,1489614
